fp	AmpSlo1	AmpNlo1	AmpSNRlo1	AmpSmNlo1	ItcSlo1	ItcNlo1	ItcSNRlo1	ItcSmNlo1	AmpSlo2	AmpNlo2	AmpSNRlo2	AmpSmNlo2	ItcSlo2	ItcNlo2	ItcSNRlo2	ItcSmNlo2	AmpSlo3	AmpNlo3	AmpSNRlo3	AmpSmNlo3	ItcSlo3	ItcNlo3	ItcSNRlo3	ItcSmNlo3	AmpSlo4	AmpNlo4	AmpSNRlo4	AmpSmNlo4	ItcSlo4	ItcNlo4	ItcSNRlo4	ItcSmNlo4	AmpShi1	AmpNhi1	AmpSNRhi1	AmpSmNhi1	ItcShi1	ItcNhi1	ItcSNRhi1	ItcSmNhi1	AmpShi2	AmpNhi2	AmpSNRhi2	AmpSmNhi2	ItcShi2	ItcNhi2	ItcSNRhi2	ItcSmNhi2	AmpShi3	AmpNhi3	AmpSNRhi3	AmpSmNhi3	ItcShi3	ItcNhi3	ItcSNRhi3	ItcSmNhi3	AmpShi4	AmpNhi4	AmpSNRhi4	AmpSmNhi4	ItcShi4	ItcNhi4	ItcSNRhi4	ItcSmNhi4
1	0.10811022443694757	0.07868069303548797	1.3771882133828324	0.029429531401459597	0.11789975668229287	0.09427569105053155	1.2540713909022114	0.023624065631761323	0.048487586353394646	0.08208869004860782	0.5926883093772367	-0.03360110369521317	0.06437677225988651	0.07904361957704131	0.8175014781593459	-0.0146668473171548	0.03880190645907097	0.057863746900861664	0.6706657295744634	-0.01906184044179069	0.03079482305769559	0.08287142000780057	0.37559334650448994	-0.05207659695010498	0.14233323986625485	0.07352224042777877	1.9392742439466453	0.06881099943847607	0.18087963061478562	0.09433934890597906	1.9150256025625296	0.08654028170880657	0.07597943854928685	0.060289834771767026	1.2620260282021483	0.015689603777519823	0.0594984009283974	0.06644595907925699	0.9002186682504507	-0.006947558150859588	0.0404315663895133	0.07085867283214872	0.5717092914120702	-0.030427106442635424	0.11609660469901902	0.08154125711797877	1.43583949851666	0.034555347581040244	0.04652581839841689	0.06399596475286545	0.7259741934058019	-0.01747014635444856	0.13116651587967065	0.07626695576185644	1.7202378819849726	0.05489956011781422	0.13031012871794315	0.050131564122300035	2.6262219503808604	0.08017856459564311	0.1722165965823845	0.06556683839846575	2.6582007316027436	0.10664975818391875
2	0.21354789760001525	0.08874726411525058	2.4187604410052845	0.12480063348476467	0.23458853017351483	0.06983027219157946	3.360471354518763	0.16475825798193539	0.08796526939378523	0.11738708420307975	0.7322341824869598	-0.029421814809294525	0.05349548075784196	0.0880383817142151	0.6100226030494861	-0.03454290095637314	0.05845453783187052	0.08482571718029766	0.6929206922508429	-0.026371179348427143	0.04281774692073577	0.07468374149297527	0.5745380127999864	-0.0318659945722395	0.0753409344773581	0.08336358382592238	0.9068548647493879	-0.008022649348564281	0.05160273300353876	0.08258697978606078	0.6126760266195783	-0.03098424678252202	0.2786014813549355	0.16267869511489125	1.7163395644201795	0.11592278624004426	0.1351420194212567	0.0915626116476945	1.4820777083739112	0.0435794077735622	0.21959625610113165	0.07875983548127383	2.7880283877093572	0.14083642061985782	0.1748141413495254	0.05915508170453081	2.961874310340593	0.11565905964499458	0.10552393993680757	0.12278956279537259	0.8448230212861602	-0.01726562285856502	0.04878577234360989	0.08739609536534557	0.5574302752929285	-0.03861032302173568	0.21243841210589504	0.08985531529447001	2.3606261598887985	0.12258309681142503	0.19018191363020498	0.07739483429374455	2.4641113692370094	0.11278707933646043
3	0.08120329127313802	0.10161311305776305	0.7938908659397443	-0.020409821784625026	0.10675076969955388	0.08168250645061909	1.3183623477355015	0.025068263248934797	0.04920103713259528	0.08154854282936061	0.6027807322919005	-0.03234750569676533	0.0632978806772165	0.08276017824374238	0.7654978643891279	-0.01946229756652587	0.043582687029981526	0.06743180085884885	0.640694236113014	-0.023849113828867327	0.07268831567158045	0.08348053388743099	0.8736240180042756	-0.010792218215850538	0.09954002131912393	0.07720154164395154	1.2894998363832055	0.022338479675172385	0.12228970907482134	0.09062163083446523	1.3530265027044512	0.03166807824035611	0.09777442545556855	0.09102117682463656	1.074425132425611	0.006753248630931991	0.10757721211953206	0.08533086060791326	1.277481157431553	0.0222463515116188	0.01136753604164807	0.06574475097751431	0.17986195861180881	-0.05437721493586624	0.02860753423193961	0.07105144161978116	0.4069538669633235	-0.042443907387841553	0.04781829114470326	0.06600198913823394	0.724957351498678	-0.018183697993530673	0.053234401527515476	0.07262330485323357	0.7270215032260279	-0.01938890332571809	0.02094355332356933	0.07631594061038179	0.2868018922343427	-0.05537238728681246	0.048834488463157716	0.07619994569098532	0.6319278512730538	-0.0273654572278276
4	0.17141560133063005	0.06519504214359147	2.6235331078263835	0.10622055918703859	0.1514425588985661	0.0699221273152186	2.1350245006607302	0.08152043158334749	0.20022659630648637	0.06762958523775864	2.9461022288664425	0.13259701106872773	0.2324415801890607	0.07337153037003352	3.1561912891542443	0.15907004981902717	0.1912745090777685	0.07072923352335678	2.6985490927941767	0.12054527555441172	0.2118534575678735	0.08548327213589077	2.4827821128796974	0.12637018543198272	0.0949034377794584	0.06729812157280252	1.4074808792108564	0.027605316206655878	0.06918745297864518	0.08246843427735379	0.8393412082323077	-0.01328098129870861	0.09801279808096977	0.06605398928775176	1.485905639975561	0.03195880879321801	0.16696623492494034	0.0645931811673664	2.5793046441489045	0.10237305375757394	0.17032922230557285	0.08122095531000101	2.091069278347858	0.08910826699557184	0.17847467994580796	0.07528824870343259	2.3614847534346195	0.10318643124237536	0.128276713178608	0.06509391096146695	1.9656465960490028	0.06318280221714105	0.18626468373569166	0.08407345327044145	2.197364134247732	0.10219123046525021	0.09120329833451521	0.059405205620012884	1.5351271833292688	0.031798092714502325	0.09981688042776052	0.07001284962059945	1.4341456769477898	0.02980403080716107
5	0.18715859100295096	0.05144551172189235	3.641534187280974	0.1357130792810586	0.23903335530838335	0.07815840205395001	3.085271819846322	0.16087495325443335	0.1454309680579433	0.052886710159832595	2.755262245231905	0.09254425789811072	0.22673628259589482	0.07910345293626297	2.8701283587661726	0.14763282965963184	0.12284960577173012	0.05399209735000178	2.2760530908019674	0.06885750842172834	0.1421346940836828	0.06874198510505491	2.068648270059589	0.07339270897862787	0.049976129192649654	0.05827540001616703	0.8778543790338714	-0.008299270823517377	0.11049191061238861	0.08312817094173372	1.3332500794562807	0.02736373967065489	0.06962939625679557	0.0721709534048425	0.9670217337016253	-0.0025415571480469357	0.09728959119681785	0.09851949056260703	0.9872745092860433	-0.0012298993657891832	0.10778434724633906	0.07108056071598415	1.5146829751488162	0.036703786530354915	0.15133779367331343	0.11402870237672721	1.3271867265438417	0.037309091296586216	0.07569452251823561	0.0472800903256828	1.5984045215850837	0.02841443219255281	0.08369406440774965	0.09378624316822641	0.8848798791959278	-0.010092178760476758	0.07179560900904741	0.049899460386431435	1.430925815483893	0.021896148622615977	0.09842569718437547	0.0610467999212225	1.609504077450143	0.037378897263152966
6	0.11407691135866455	0.05572581051589113	2.052836081761464	0.058351100842773417	0.18010648638750565	0.07717224096547197	2.3458710787455517	0.10293424542203368	0.14560335358865792	0.062391314307216714	2.3617681224166147	0.0832120392814412	0.19902405511997312	0.07396594128111086	2.694282424242747	0.12505811383886226	0.04615448638584564	0.07257311429118404	0.6377188740724133	-0.0264186279053384	0.09826361684496493	0.06992061539539021	1.4043703691245994	0.028343001449574717	0.09629204447108371	0.07854407998453142	1.2279849344138394	0.01774796448655229	0.12641847247121443	0.07813391125515409	1.6184431007972735	0.04828456121606034	0.11753303688691823	0.07564629936887804	1.5568238292055665	0.04188673751804019	0.14649591900903358	0.06941533442009543	2.112535586374848	0.07708058458893816	0.1794951687841693	0.0641426793516661	2.8003618128294363	0.1153524894325032	0.23248661918253796	0.06709957876214855	3.4667154497751675	0.16538704042038943	0.03787853780689935	0.10007813877751282	0.376338868459407	-0.062199600970613465	0.11314728335273067	0.08983151659478869	1.2566061215281827	0.023315766757941975	0.02771466473467643	0.08101284617165055	0.34752024036770257	-0.053298181436974124	0.021215511764055176	0.08835771080331964	0.23939149104669918	-0.06714219903926447
7	0.4200578532048437	0.1249156026536656	3.362541982258655	0.2951422505511781	0.2509848273191334	0.06600223630109692	3.802521259646839	0.1849825910180365	0.41101936819645357	0.09453831276492311	4.3402446164160935	0.3164810554315305	0.28484340984091594	0.06857933436303701	4.167416168965122	0.21626407547787893	0.2243978027537512	0.06680771589879726	3.3622183984267084	0.15759008685495396	0.14765687313934145	0.06215226913836831	2.377724026050098	0.08550460400097314	0.2613867690601168	0.0825803775824504	3.169695224430961	0.17880639147766642	0.20474712246996724	0.0682302126478185	2.990831143000098	0.13651690982214873	0.4482019974691472	0.15397333004336083	2.907054992853609	0.29422866742578635	0.31360134588988225	0.09041056397852584	3.463894855565136	0.2231907819113564	0.2576422189505051	0.12178815493801547	2.125805959659255	0.13585406401248962	0.12778193765726162	0.08070179695389579	1.621538476381859	0.04708014070336583	0.2602742316531937	0.11811993025042708	2.200304262392404	0.1421543014027666	0.18461113087009884	0.09201061238699107	2.0089775965646193	0.09260051848310777	0.15139791142992864	0.103298584575376	1.4657844467762748	0.04809932685455265	0.11740719043838878	0.06784501038810434	1.7307296331865805	0.04956218005028444
8	0.07122165348918719	0.07612797892717149	0.9357003444833888	-0.004906325437984305	0.0714028148906238	0.10298951443389229	0.6941128952089965	-0.03158669954326848	0.10083409702062966	0.05619431703702195	1.8071907421718216	0.044639779983607714	0.0938440981983277	0.07487710700839356	1.2530157657218206	0.01896699118993414	0.11071547591216369	0.04942658400373383	2.2366060782243946	0.06128889190842986	0.13227160669010563	0.07293520481593985	1.8569144146875165	0.05933640187416578	0.030741789103422866	0.05358969706909701	0.5715057453010008	-0.022847907965674145	0.07944248396886866	0.07674893297028221	1.03645191727211	0.0026935509985864525	0.09932185151857005	0.09741890908529864	1.022512759084278	0.0019029424332714096	0.10454105697502528	0.09630047427053323	1.0850999344518095	0.008240582704492044	0.07859815977167635	0.05817309670409314	1.354139705022768	0.02042506306758321	0.11280031158974906	0.076416595408285	1.4770363838956508	0.03638371618146405	0.029911964496438986	0.059099295751515214	0.509567882193082	-0.029187331255076228	0.021242920101835885	0.08335672641942979	0.25432270471773105	-0.0621138063175939	0.1262797392007545	0.05433335354048167	2.3400132910089475	0.07194638566027284	0.19916790178927307	0.069126665462832	2.8814741611488355	0.13004123632644107
9	0.0765166116849107	0.0733479928616638	1.0514484562475084	0.0031686188232468993	0.10331154720768865	0.07269154176960274	1.4410493496503014	0.030620005438085907	0.0613978823370261	0.06545118575322398	0.9328805340178441	-0.004053303416197876	0.06344041739466663	0.08592628939950808	0.7407755309127015	-0.02248587200484145	0.08130055726541864	0.07793400811614586	0.9815720817327636	0.003366549149272785	0.06910068600359402	0.08017678000240665	0.8558711333397392	-0.011076093998812625	0.00837972208466934	0.07375808470211823	0.11215512140777009	-0.06537836261744889	0.021672454294991192	0.06770821644206876	0.3393041099709033	-0.046035762147077566	0.0405803744232983	0.07823183409749455	0.5240358740196649	-0.03765145967419625	0.05426513370673239	0.07961411843098185	0.6830998488792641	-0.025348984724249457	0.10730178615221342	0.0712470862181272	1.508296161888464	0.03605469993408622	0.16016802865242172	0.06601664960821821	2.482211011417686	0.09415137904420351	0.14438214056678234	0.07793850673054116	1.85673840326077	0.06644363383624118	0.16830670174221452	0.08184676900774385	2.0562397301216997	0.08645993273447067	0.09088997872693977	0.07735713497668631	1.1789409276958822	0.01353284375025346	0.101026134573308	0.08530255919536057	1.1811900375172104	0.015723575377947427
10	0.13675778693321006	0.08238788997743954	1.6716427383779804	0.05436989695577052	0.12475040017382177	0.06107871162380231	2.0449028530902407	0.06367168855001946	0.11929586725738364	0.09317140368270863	1.2789166418204234	0.026124463574675016	0.10973521015167555	0.08713758998413001	1.2582295317898753	0.022597620167545532	0.12216472393073063	0.15583381567534133	0.7839388529141186	-0.03366909174461069	0.048513529593297716	0.0797908211748209	0.60455860944167	-0.03127729158152319	0.037705808196698117	0.08200604501948464	0.4602614883620999	-0.04430023682278652	0.07720966976902702	0.08653307318744025	0.8918452545748503	-0.009323403418413229	0.17789789258342958	0.09319412538768315	1.9078346821726009	0.08470376719574643	0.16019565784654033	0.08005656540466552	1.9945443408644747	0.08013909244187481	0.23999376785235021	0.09234234310803607	2.606483042105348	0.14765142474431414	0.21314544412216968	0.07755395553697511	2.771298270997475	0.13559148858519457	0.2316154677616855	0.08315596077307705	2.7868305773657385	0.14845950698860846	0.2221986372592718	0.06601429296793127	3.3712628746524187	0.15618434429134054	0.08981696212544854	0.0957918579219385	0.9378197638481647	-0.005974895796489965	0.14226125736096779	0.08556888081324118	1.6613165277439028	0.0566923765477266
11	0.06528158069231116	0.07776778025322147	0.8375399035826255	-0.012486199560910308	0.05981642846619768	0.08598325076220138	0.6980301271132471	-0.0261668222960037	0.08728415176432168	0.056696888125696863	1.5395297769751128	0.030587263638624816	0.12223599064454482	0.06876234575532197	1.7735017595153177	0.05347364488922285	0.1325665449690041	0.045893909497976795	2.8864629595819356	0.08667263547102731	0.1794592148171713	0.05707870588304516	3.1453228431008124	0.12238050893412615	0.14605776665920836	0.07839812838559715	1.87419986808088	0.06765963827361121	0.13086309702327764	0.07901347696003641	1.6647586738227897	0.05184962006324123	0.05454947928353074	0.07987733647219314	0.6821853502314292	-0.0253278571886624	0.06650851862030849	0.07231196058883514	0.9208114888653804	-0.005803441968526654	0.08719732013888927	0.08630822841547156	1.0097192323462911	0.0008890917234177093	0.1279425766875609	0.08178122614976394	1.5603279655075535	0.046161350537796964	0.052511205968453406	0.07652742464947906	0.6852282262454186	-0.02401621868102566	0.05846164474220707	0.10045914499258277	0.5854101852972348	-0.0419975002503757	0.07303148143428997	0.06739652059159748	1.080944657295409	0.0056349608426924935	0.11986217629021198	0.08273854583410642	1.4503865195341799	0.03712363045610556
12	0.1047570687673244	0.05858172406439485	1.7883145232560969	0.04617534470292954	0.15348066326749404	0.0730020805267875	2.096400193519831	0.08047858274070654	0.0922830929184419	0.06512116182448488	1.4139463459037118	0.027161931093957023	0.10720650795597203	0.08734782008765873	1.2238772845558223	0.019858687868313296	0.1281434878336329	0.06090852726726324	2.1062190186362226	0.06723496056636967	0.13043315452860785	0.07043887798105791	1.8660896590759077	0.059994276547549935	0.11351994511389402	0.06498466034182737	1.7470435607876689	0.048535284772066645	0.14103571861056904	0.07836040304229401	1.8016473599018452	0.06267531556827503	0.08622602810337072	0.07620137524719703	1.1328238366395664	0.010024652856173696	0.09719162173696316	0.07557065585328755	1.2875628507107235	0.02162096588367561	0.050584190573649976	0.062053547003979886	0.8152438278202756	-0.01146935643032991	0.06347438123407266	0.06308870625858838	1.005653164528845	0.0003856749754842792	0.07757347168584741	0.06630378975128795	1.1689634476529966	0.011269681934559461	0.06850492788257345	0.07553999411643311	0.9077031596982905	-0.00703506623385966	0.06898250727826738	0.07623466402355975	0.903956759544468	-0.007252156745292365	0.080098757913701	0.0799285689994669	1.0119544540794552	0.00017018891423409288
13	0.11575446060812714	0.0628238994397821	1.843328895818055	0.05293056116834503	0.11013908054791777	0.060565104389063526	1.820764835312323	0.04957397615885424	0.12146788330221901	0.07498983907881579	1.6196683884219478	0.04647804422340322	0.12381560064033531	0.07803636985773132	1.6069334797368253	0.045779230782603986	0.13266109242660495	0.07323445493252223	1.8143123511960213	0.059426637494082724	0.16539766022997898	0.0871928282484721	1.8972675562037256	0.07820483198150688	0.08064213397088923	0.06305382527028322	1.2891460778347443	0.017588308700606015	0.11548855490848096	0.08088567823540432	1.433091306167781	0.03460287667307664	0.2895309191327227	0.06166384685092867	4.696418716298908	0.22786707228179404	0.3603456486472864	0.08185261049708731	4.4251876557006025	0.2784930381501991	0.0886087271298811	0.05940656969505089	1.489878083083192	0.029202157434830213	0.08441030464782398	0.06663178642262471	1.2521478580674412	0.01777851822519927	0.09513801907348235	0.062051926033375795	1.5403687937120942	0.033086093040106554	0.12771851834815534	0.06593365847608126	1.9417530923995356	0.06178485987207408	0.1612005728381577	0.07730700614633465	2.0948461367499194	0.08389356669182305	0.20943577609136227	0.10549906024667366	1.9864716137295138	0.10393671584468861
14	0.5175867493064517	0.10666508200602322	4.874157293796701	0.41092166730042845	0.2680782119844852	0.06919499872994743	3.8732732745420084	0.19888321325453778	0.3240966712865325	0.13063578573152987	2.4884681410870484	0.19346088555500265	0.2178143772456976	0.08010538502755327	2.700615015731941	0.13770899221814434	0.5360603760303599	0.12852664139413345	4.173182502637697	0.4075337346362265	0.2821727819513892	0.07953473817312393	3.552619329118488	0.20263804377826525	0.3003382970681615	0.14029276698516518	2.146997041863847	0.16004553008299632	0.13328093503109556	0.07992632178640187	1.6673184244599177	0.05335461324469369	0.4137158680365097	0.10391771260151793	3.982423708087217	0.3097981554349918	0.31679816350069767	0.07953050508456969	3.996429352997082	0.23726765841612799	0.25876574732032565	0.08575748723101667	3.025780057401392	0.17300826008930897	0.14324780623804637	0.07304794766764286	1.9613295830733515	0.0701998585704035	0.36735508139726225	0.09882053319985884	3.716696958660489	0.2685345481974034	0.2066376718552651	0.08053916096586874	2.579374491932203	0.12609851088939636	0.34227127462482976	0.09624142671571145	3.580804477397753	0.2460298479091183	0.18812577357758486	0.07834264349175948	2.394778514716612	0.10978313008582538
15	0.15304536367016597	0.10742635319923034	1.4272165904351037	0.045619010470935625	0.15478397932422294	0.09322650662114282	1.662233539083128	0.061557472703080124	0.10947943897066861	0.09640024815580396	1.1375853378789784	0.013079190814864652	0.1217444202387818	0.08734226056520691	1.3978864976562924	0.03440215967357489	0.12092955770779384	0.09383238609092676	1.2998865643997273	0.02709717161686709	0.07256651127030954	0.08364436621547465	0.8679300634496374	-0.011077854945165111	0.10104877719482594	0.10187679429939148	0.9976606947256068	-0.0008280171045655371	0.09816097469175286	0.08296648588084402	1.184896899042827	0.015194488810908846	0.30115665830327587	0.10063856391885101	2.992116720305783	0.20051809438442486	0.2435651209418652	0.09081714207450652	2.6822438989535726	0.1527479788673587	0.12895508559149657	0.08072206735462586	1.6085535560700013	0.048233018236870706	0.09937286551568575	0.08847064065735766	1.135296196513195	0.010902224858328091	0.08473220305265532	0.10207391712052363	0.8295504523606334	-0.017341714067868316	0.08678409085003592	0.08819906146977964	0.9824534721468556	-0.0014149706197437162	0.1026587175508947	0.09257702144154814	1.10570497593379	0.01008169610934656	0.08774621846612735	0.08711872298247564	1.0186640838517758	0.0006274954836517077
16	0.20585886344433263	0.11864751798313916	1.7711979274103415	0.08721134546119347	0.15574416649444706	0.08131001034738353	1.9205987981637116	0.07443415614706353	0.38448944186554307	0.10478808410256432	3.6670136209174347	0.2797013577629788	0.3033207360281248	0.07019188217161382	4.31786853579626	0.233128853856511	0.06256870394931946	0.09363049532804313	0.665096240746172	-0.03106179137872367	0.06341234120024096	0.08545560424707568	0.7423235304482633	-0.022043263046834724	0.22566617827594543	0.12565886669325482	1.7920195722908796	0.1000073115826906	0.1700540736879526	0.09161233746854489	1.8623183042132152	0.07844173621940773	0.4564003156479388	0.1230297921885121	3.709371137815496	0.33337052345942675	0.32998435740085763	0.08236584005462624	4.009132011375647	0.2476185173462314	0.19655895146583496	0.12262504029723238	1.621092564355076	0.07393391116860258	0.14180827588091702	0.08835776109799034	1.6322257601646946	0.05345051478292667	0.1354622393304083	0.12319961025230203	1.100035866636186	0.012262629078106269	0.07831210571792768	0.08654686431782549	0.9034855750042547	-0.008234758599897807	0.10320581169405854	0.11559615278597433	0.8930610300023643	-0.012390341091915794	0.08115137273564935	0.07799515806396894	1.0527613520602805	0.00315621467168041
17	0.18622036624412125	0.0876723746403662	2.137986738216679	0.09854799160375505	0.20743744881021664	0.08525881487625939	2.4338938835679738	0.12217863393395725	0.16883634961807445	0.09111669526678001	1.856463458127535	0.07771965435129444	0.1377758386604539	0.08099778659175591	1.6980066235268572	0.05677805206869799	0.06891716746808847	0.10241128572455525	0.6815063873163432	-0.03349411825646678	0.04234617846607461	0.08380862980653483	0.5014186479407481	-0.04146245134046023	0.13635288532711998	0.09642287925578806	1.4138698801793177	0.03993000607133192	0.08720838903766925	0.08887948245761054	0.9830644283040778	-0.0016710934199412886	0.04128383076150435	0.09492794996251566	0.4327971684544362	-0.05364411920101131	0.042324529665969696	0.08996659410598286	0.46933941919509914	-0.04764206444001316	0.11102014662103994	0.0870192503756819	1.2745429548157028	0.024000896245358047	0.10810243255612947	0.07926984633506601	1.3947831809778002	0.028832586221063466	0.09343078945167985	0.0893655250516397	1.050671557898997	0.004065264400040153	0.09302645634648013	0.08507079301010405	1.0829837452010735	0.007955663336376081	0.02469409827892565	0.08663113657274665	0.2846917449801854	-0.061937038293821	0.04344254038699054	0.07338094418880753	0.5879895763554587	-0.02993840380181699
18	0.13953754326389284	0.11179164849253587	1.240694305227933	0.02774589477135697	0.16931129210178286	0.0781155483974755	2.167813476904288	0.09119574370430736	0.08011943152449974	0.1406905662268046	0.5678237688354948	-0.06057113470230485	0.029547563865769455	0.08948676763236274	0.33396601979041385	-0.059939203766593285	0.06048817111474923	0.11483279297655341	0.5264374068655655	-0.05434462186180418	0.018950479069306157	0.07214227247439894	0.2640121164836321	-0.05319179340509279	0.11030795447388025	0.09946052139440206	1.1115740764571396	0.010847433079478191	0.12128427938525482	0.07438059740481998	1.6293645050794447	0.04690368198043485	0.03775991040007984	0.12081881088755073	0.31101874564604615	-0.08305890048747089	0.027903412875281162	0.09446880764905746	0.29681415943379785	-0.06656539477377629	0.041616096893899675	0.09521038341840302	0.43905031742020634	-0.05359428652450334	0.04324264828491715	0.07611728297700227	0.5682813149334732	-0.03287463469208512	0.049192201927478155	0.12046936017120217	0.4092503900385984	-0.07127715824372402	0.05175559752286681	0.0965429103938941	0.5358458700529142	-0.04478731287102728	0.15178691511835732	0.11622774046788475	1.3058792501628624	0.035559174650472564	0.13835768243225782	0.09974551209181265	1.3933219500395948	0.03861217034044517
19	0.05695186665600559	0.04497660852411023	1.293198774863099	0.011975258131895358	0.09899522715420955	0.06520202659100081	1.530558913144532	0.03379320056320874	0.04985682788479609	0.06348816802542309	0.78456151362898	-0.013631340140627002	0.11871226092470795	0.06345059353697916	1.8830214175649065	0.055261667387728794	0.08379769123693406	0.06532474658640137	1.274638772605826	0.01847294465053269	0.08589291553399533	0.08483015174817923	1.0274905868571471	0.001062763785816101	0.02634914953356356	0.0751098032880686	0.337936187045508	-0.04876065375450504	0.03496166661390329	0.08986151314793446	0.380067845844795	-0.05489984653403117	0.1434482402639763	0.059622955878161035	2.406472194846673	0.08382528438581525	0.20257656226211387	0.0912156193320142	2.2524879948853407	0.11136094293009967	0.03547208934162578	0.06497571911897407	0.5479881764446684	-0.029503629777348286	0.07369248412675661	0.0847559644003914	0.8732140504758312	-0.011063480273634796	0.04166744511956777	0.05292241958480577	0.7864193303377351	-0.011254974465238002	0.050257531293363175	0.07457950745480459	0.6752437665652451	-0.02432197616144141	0.08130936862262775	0.06565583873834169	1.2376011013364767	0.01565352988428606	0.08526877371774136	0.05601942102709976	1.529474684720187	0.0292493526906416
20	0.21106961205942917	0.07234095568525141	2.917279173457292	0.13872865637417775	0.1433873267017985	0.05632038053215056	2.5481298154812353	0.08706694616964793	0.4087117362914263	0.09723005836415258	4.203364747593241	0.31148167792727377	0.37138079931128104	0.08508307498783016	4.371135728309543	0.2862977243234509	0.3469911625005137	0.0635129196246741	5.458143679407776	0.2834782428758396	0.3333542529874147	0.07268286124069931	4.58719416417669	0.2606713917467154	0.3005093704316929	0.08632897021247142	3.4783994282138337	0.21418040021922147	0.2642686938265069	0.08259841899991423	3.1992448377104115	0.1816702748265927	0.23011600977948143	0.07816424260456803	2.9468870880472258	0.1519517671749134	0.25805189987547106	0.0733387075759097	3.517986757909055	0.18471319229956135	0.1963861771204846	0.11523651972142561	1.7046088613094539	0.08114965739905898	0.16426392636306125	0.09645081593265212	1.7028116815346857	0.06781311043040913	0.15803813867501376	0.06989452159397576	2.2677306154970416	0.088143617081038	0.138650503594727	0.07268137638101456	1.907828735812892	0.06596912721371244	0.15112084192781827	0.08553361763155512	1.7675553552725978	0.06558722429626315	0.13653444293316447	0.08664224266061431	1.574064259033169	0.04989220027255016
21	0.1690735718239261	0.11758965985889294	1.4380433704137623	0.05148391196503316	0.0332905107916033	0.06239954092073413	0.534325003815952	-0.029109030129130832	0.016560145606788187	0.0926751354541514	0.1858590727725156	-0.07611498984736322	0.08396023075476111	0.0797847915597664	1.0513071740142412	0.004175439194994718	0.0703918152623916	0.075450310777735	0.9373325244373639	-0.005058495515343389	0.12152524309562979	0.07239349521490515	1.6766096140472415	0.049131747880724636	0.047258057367322366	0.08845986112977725	0.5406807598467751	-0.04120180376245488	0.0652925200078764	0.07778727711792824	0.8406942700180435	-0.012494757110051838	0.18879616383914594	0.17021740055254148	1.1097566493110382	0.01857876328660446	0.08636439099513288	0.0858080885494095	1.0059099535377443	0.0005563024457233834	0.0823183264301521	0.07046321124277165	1.1673817451089596	0.011855115187380458	0.0659553154058227	0.06975074044326926	0.9489279680731868	-0.003795425037446565	0.04797000519306253	0.06206426663449435	0.7780917873871489	-0.014094261441431825	0.053106240282079525	0.06856427791652761	0.7771783387386046	-0.015458037634448085	0.0834452265656369	0.07752191316640722	1.0762918232436944	0.005923313399229677	0.0789942308439812	0.07300990079780217	1.0858967977388123	0.005984330046179029
22	0.19060323792283973	0.05216310308208139	3.647382444502518	0.13844013484075834	0.2762399599179304	0.06926862630385927	3.9819803161528853	0.2069713336140711	0.16588378742407198	0.06316740377777329	2.6201540661763287	0.10271638364629869	0.2098477961663131	0.07855838596972337	2.671022828887544	0.13128941019658974	0.22307850014901218	0.05188717662856658	4.296856329512174	0.17119132352044558	0.32846785286951685	0.06408176773107954	5.209397554287683	0.2643860851384373	0.18067209107910823	0.06861806024490313	2.6280679757735688	0.11205403083420509	0.2158743868526026	0.08040869370186132	2.6859916546662435	0.13546569315074128	0.20797291908911725	0.06741195673025302	3.074083009258046	0.14056096235886423	0.292881759390085	0.09846255644723356	2.9738197961256665	0.19441920294285142	0.09753827817065192	0.06783685073496035	1.4273406005675162	0.02970142743569157	0.0834801088895308	0.10462183177067715	0.7925873764826278	-0.021141722881146352	0.12952557971521794	0.05096982322093555	2.525776337023305	0.0785557564942824	0.16895465176532176	0.07526920258004152	2.2635292459178324	0.09368544918528024	0.20327963282608497	0.056338362285384885	3.616634064048382	0.14694127054070008	0.16968838891993304	0.07199566343057512	2.3610017220236124	0.09769272548935792
24	0.026942328240593862	0.10156899962316407	0.26405665582638915	-0.0746266713825702	0.06071332657115529	0.07656782413747773	0.7970051283773506	-0.015854497566322442	0.06644384666352729	0.09923443058524442	0.6715146828715169	-0.03279058392171713	0.06644573955066589	0.06766464113571904	0.9713917831746811	-0.0012189015850531532	0.1284060539751851	0.11422162996224397	1.12932781712078	0.014184424012941121	0.11262075844493524	0.07781007626386646	1.4513693149165947	0.03481068218106878	0.07899252026524341	0.10051553885187556	0.7861204116204241	-0.02152301858663215	0.09801163174714586	0.07603829276099083	1.29910130102092	0.021973338986155028	0.11744757900693203	0.09408959679767001	1.2471461045432581	0.023357982209262024	0.08613079794512692	0.08555386981340846	1.0025775313433345	0.0005769281317184599	0.10602387591660789	0.06975555640326586	1.5333262650565103	0.03626831951334203	0.10537857214038268	0.05998652903796316	1.7624159124857737	0.045392043102419524	0.026082597649463683	0.0879919023406107	0.2961638102227008	-0.06190930469114702	0.042493690392143665	0.07054604210430725	0.6023169003943134	-0.02805235171216358	0.037522055236142854	0.08992311765279618	0.4106839621267344	-0.05240106241665332	0.05804206874491653	0.07441605123366447	0.7865069847984321	-0.01637398248874794
25	0.046469469665035984	0.06027240311809264	0.7684960075047682	-0.013802933453056658	0.04968967857346344	0.07480084871629337	0.6894075839462599	-0.025111170142829937	0.09345497783598139	0.09420656284472148	0.9913677247276373	-0.000751585008740091	0.07219122240907583	0.10179129484593684	0.7105819313598538	-0.02960007243686101	0.18171319969263278	0.09814930210571081	1.856114604057867	0.08356389758692197	0.13901851585040584	0.08332690330898375	1.6685892211975668	0.05569161254142209	0.14709150641236685	0.06706766185994521	2.1934540823482074	0.08002384455242163	0.12598244208792914	0.07938827404307772	1.6104886485668566	0.04659416804485142	0.15378504352105138	0.08115789231403714	1.8944237564699828	0.07262715120701424	0.14223452430201566	0.0869161715372819	1.645691597073858	0.055318352764733764	0.035118814384227606	0.07004078214645656	0.5035974148172762	-0.03492196776222896	0.028800361262449274	0.07071695704325406	0.40702714257361694	-0.04191659578080479	0.05772977882510684	0.06613653804320077	0.8735730466735068	-0.008406759218093932	0.07607536758862576	0.08154252036925727	0.933912119031448	-0.005467152780631507	0.1804346672225329	0.07857573349844696	2.295040706832846	0.10185893372408594	0.14698482328763884	0.0954771446269349	1.5393075591910734	0.05150767866070394
26	0.10458142726024247	0.08862866191665664	1.1775419012907964	0.015952765343585834	0.10250377880136105	0.07047460185376697	1.4508105000550222	0.03202917694759408	0.12290897017555494	0.12727589107121975	0.9615349475775172	-0.0043669208956648164	0.11446300521454	0.0742323722805327	1.5426917679288352	0.040230632934007304	0.14050032447295127	0.12897699382258226	1.0905229734952886	0.011523330650369007	0.12666916227503883	0.08250096313248473	1.5356344366680519	0.0441681991425541	0.0957767180263493	0.12519972509158042	0.7646197293588295	-0.029423007065231127	0.11387262376305002	0.08182871523398749	1.3919425161060626	0.032043908529062526	0.22923493969980802	0.12151400566292969	1.8844814480571477	0.10772093403687832	0.21903575740415548	0.08808327093718714	2.491849476853834	0.13095248646696833	0.18380844023656473	0.09826598816198154	1.8743594305653986	0.08554245207458319	0.1854156166896827	0.08430665662874376	2.1996994671261225	0.10110896006093895	0.15874840697446013	0.13441878661460974	1.1863325642156959	0.024329620359850396	0.1323702606598528	0.08494713102804975	1.5567929101884288	0.04742312963180305	0.11527334245856258	0.11353745303465373	1.0134814773653102	0.001735889423908843	0.08348963753883246	0.08433440242879016	0.9897331367021651	-0.0008447648899577026
27	0.17919752700564637	0.09954896125125558	1.799921507685105	0.07964856575439079	0.1450270109766851	0.07307329701019653	1.9846069104831483	0.07195371396648857	0.21328363649886303	0.1008318530725074	2.1156087634006213	0.11245178342635563	0.141546798697263	0.07703965506744316	1.8416162020460944	0.06450714362981984	0.09086669232888238	0.09251590860752927	0.9985592659881668	-0.0016492162786468922	0.08979132884352031	0.08256700201748379	1.0884810731059962	0.00722432682603652	0.12277908425702512	0.09343820040153207	1.3057761175443026	0.02934088385549305	0.15698542001411175	0.07654848925564672	2.0918022536428698	0.08043693075846503	0.10905912532984297	0.07878870509346575	1.3764890128015237	0.030270420236377216	0.07716459977034475	0.08210536475665739	0.941140245447812	-0.004940764986312643	0.0520686813414682	0.07763701957137846	0.6716492572421573	-0.02556833822991026	0.07266798587015355	0.07865599275336824	0.9233454483648744	-0.005988006883214686	0.055869191039673034	0.09853098063521122	0.5905830159814853	-0.04266178959553819	0.060611582863876745	0.08623445425973211	0.7226241714923207	-0.025622871395855368	0.10487580130422758	0.07766221184079336	1.3482190498978932	0.027213589463434218	0.10084423429827577	0.07122661179425802	1.4143147472192126	0.029617622504017754
28	0.18632776273140683	0.0963052919952532	1.9401816312811135	0.09002247073615363	0.16451175285517722	0.07164593313365096	2.2897267613561274	0.09286581972152626	0.16738143355199042	0.10640630756373179	1.569335673091028	0.06097512598825863	0.1510106743563352	0.09244291887722024	1.6381414787145983	0.058567755479114955	0.19429176806834553	0.09885145840859605	1.9662309447808246	0.09544030965974948	0.15182330652414144	0.08565717678390855	1.7739718980497279	0.06616612974023289	0.09920580992124077	0.08751913150760735	1.138687220269834	0.011686678413633425	0.09447984202208984	0.08162687554224826	1.1566423994524295	0.012852966479841577	0.12416177559432869	0.09300911663914833	1.3349675956853073	0.03115265895518035	0.1067327503891781	0.08527558682596312	1.2529210348173314	0.021457163563214976	0.24257674960748288	0.09287640925330051	2.61798504780388	0.14970034035418237	0.21174538450343494	0.08440866536335782	2.5202028925131525	0.1273367191400771	0.2316590678899671	0.09214385819396695	2.516847953718079	0.13951520969600015	0.2043056126203926	0.08251652402443811	2.4737972217119646	0.12178908859595448	0.2097195761224912	0.09571409775000685	2.1963432786700237	0.11400547837248436	0.2120174541863321	0.09597533576358801	2.2099439247327144	0.1160421184227441
29	0.13738129022209616	0.05093043899164833	2.6953464425434395	0.08645085123044784	0.15748153017784994	0.0776837118142211	2.016424173672478	0.07979781836362884	0.09079477426505086	0.052093026150985135	1.7548579746914235	0.03870174811406573	0.14571980287895578	0.08077989414485044	1.821425119830328	0.06493990873410534	0.08438149183553337	0.05575716682510934	1.5134072576081308	0.02862432501042403	0.08605403196884587	0.0765688068615348	1.123590261428474	0.009485225107311063	0.03403798425115565	0.0531657170330394	0.6502313708712358	-0.019127732781883747	0.028752674943272157	0.07352768531637849	0.3795174027900604	-0.04477501037310633	0.14207156669172874	0.05342371895244229	2.6681059783451198	0.08864784773928645	0.16588258102763992	0.07742273832561042	2.1447663949055027	0.0884598427020295	0.15116615529991398	0.07396686263714461	2.052654952551246	0.07719929266276937	0.29190970391629234	0.09690566502795747	3.0603636843968447	0.19500403888833487	0.08966550152439486	0.05954882553831356	1.5001541269698646	0.030116675986081295	0.1440065680399024	0.08230644137437773	1.7460597995889722	0.06170012666552466	0.07777054809427623	0.05889372381425091	1.3352352462226595	0.018876824280025323	0.08766978051648341	0.08981835283867355	0.9730533591363648	-0.002148572322190137
30	0.06260308550611847	0.07441237577882812	0.832837333948394	-0.011809290272709647	0.07363686622314912	0.0721999070166848	1.0422203333023081	0.0014369592064643194	0.027390959300875026	0.08140335214002319	0.3367254413205688	-0.05401239283914816	0.041376345217991134	0.0786133781525962	0.5260023864535623	-0.03723703293460506	0.07742659202935759	0.08158653131213425	0.9489687159732658	-0.004159939282776665	0.08241542004474242	0.09215362530132634	0.9066527526170534	-0.00973820525658392	0.11619666416313666	0.08661406001960045	1.3414530924795653	0.02958260414353621	0.07710586186862423	0.10437444927967318	0.739291737659854	-0.027268587411048956	0.019248949439170344	0.07070284382594597	0.276201336831364	-0.051453894386775625	0.022745141637628016	0.0626466965555931	0.3630284780286832	-0.039901554917965085	0.057093550417542785	0.07092882664468217	0.8079887157825252	-0.013835276227139384	0.06763925826965894	0.08019855148566618	0.8426987196838441	-0.012559293216007239	0.15343541823521084	0.07010947728395273	2.191622203308429	0.08332594095125812	0.17960085905563955	0.07196436206354315	2.494184033808068	0.1076364969920964	0.09214365397042695	0.07083478178637727	1.308018149597058	0.021308872184049685	0.11501616975569848	0.07580220197288476	1.5120635835892768	0.03921396778281372
31	0.09039697865692517	0.07600005558734649	1.1905506966040287	0.014396923069578682	0.06576111859144385	0.08779233549273192	0.7489102365493221	-0.022031216901288078	0.07128827166519056	0.07306446767940744	0.9876892080467007	-0.0017761960142168853	0.0632101051251915	0.07557841468291347	0.8324921009083324	-0.012368309557721974	0.07092515847664038	0.06757740076052393	1.049437127723686	0.0033477577161164507	0.09373694129624212	0.08443691822209828	1.0997866479397083	0.009300023074143834	0.027720836602064917	0.060636032781127794	0.45711498659699457	-0.032915196179062876	0.04875267603006324	0.07247070581512345	0.6760112590235252	-0.023718029785060213	0.020030068564337623	0.05424142325396864	0.3683439316445419	-0.03421135468963102	0.043437089286336536	0.057443394349972546	0.7503180723344414	-0.01400630506363601	0.0881879925185351	0.06354776751276188	1.3924202411781679	0.024640225005773217	0.1597331397560606	0.07626270051869247	2.096704671442984	0.08347043923736813	0.15949249556425504	0.05763402216613332	2.8055940056023214	0.10185847339812172	0.18110677884857315	0.06491590838829661	2.7938835553700043	0.11619087046027654	0.016464383025585855	0.08256123427026929	0.19687934348924663	-0.06609685124468344	0.052379704842228744	0.0812075414675638	0.6438913725328876	-0.028827836625335057
32	0.17529379439059486	0.062346415032457476	2.8111677839882576	0.1129473793581374	0.20428499699930788	0.07936698230534348	2.575085692778501	0.12491801469396441	0.050519366400145656	0.06654212163102136	0.7551289952265642	-0.0160227552308757	0.0651473235604034	0.08495533783561346	0.785572612172331	-0.019808014275210062	0.13713283779530044	0.05917573360321694	2.3213150896306916	0.0779571041920835	0.168456867557255	0.07633153588471009	2.2173637444051297	0.09212533167254491	0.08185758069293234	0.053412069360301545	1.5344964744885954	0.02844551133263079	0.08447621541272757	0.07561560192221052	1.1189883268786112	0.008860613490517047	0.01613712655935581	0.0573379396962677	0.2815808544047961	-0.04120081313691189	0.037044815431793665	0.06501327621551181	0.5579367805254709	-0.027968460783718146	0.10843120131741069	0.06562742304973831	1.6506850760829455	0.04280377826767237	0.08633052205000444	0.0805712791344263	1.075984664563481	0.005759242915578139	0.0646972307644808	0.06368911957917563	1.011822320182958	0.00100811118530518	0.1305827942382351	0.09034023410018989	1.4449929921548832	0.04024256013804521	0.07525969686554837	0.05602525364446637	1.3417987846774273	0.019234443221081997	0.12768011874996735	0.06600858051087621	1.932156392016068	0.061671538239091134
33	0.24927937004185846	0.07793685159753132	3.196901702745084	0.17134251844432713	0.24871219408972983	0.081360928587747	3.057911945904486	0.16735126550198282	0.24851703174660822	0.09097127442334507	2.7257027069357074	0.15754575732326315	0.24943249974226067	0.09259447257823288	2.688386990058789	0.15683802716402778	0.10732794242837086	0.07666501440208792	1.3920419804815252	0.03066292802628294	0.1367470407082841	0.0793164523542989	1.727444810038206	0.05743058835398521	0.2015210002409971	0.07442283783497694	2.707680685559529	0.12709816240602015	0.202676697759296	0.06731237877837543	3.0131128363418807	0.13536431898092058	0.10378528365051776	0.08074091374054429	1.291926796186515	0.023044369909973467	0.08790135214295398	0.08071055786485717	1.0923538109467534	0.00719079427809681	0.13324120905266057	0.07533322605348142	1.7671724061020215	0.05790798299917915	0.17909442850383822	0.07835492732350412	2.282896442651179	0.1007395011803341	0.11996343279010852	0.0871709406238454	1.3765489253177843	0.03279249216626312	0.14259959010831136	0.08750896372293157	1.6348556744324003	0.05509062638537979	0.14235254678648873	0.06287258435023974	2.2608179964272894	0.079479962436249	0.1454838625175438	0.06664318574199334	2.1847646873629705	0.07884067677555047
34	0.055220655934936955	0.06271290424717335	0.8764738502586364	-0.007492248312236396	0.07684770718127673	0.07550549601480333	1.0163137785101375	0.0013422111664734004	0.12296763298425445	0.052632361392810426	2.3269495906807247	0.07033527159144402	0.1873279970747268	0.06790402655363348	2.7640498249809626	0.11942397052109333	0.10288372392790845	0.08240502458249596	1.2481365641594504	0.020478699345412493	0.1170975863128377	0.08299041515836093	1.419277396996983	0.03410717115447677	0.04772172671165065	0.04884716699220959	0.9747511581122097	-0.0011254402805589425	0.09871970156016074	0.0696405573320783	1.4161547094318174	0.029079144228082443	0.0418231779766136	0.05591142032918883	0.7462175260574468	-0.014088242352575234	0.10562225337830648	0.07617760418570074	1.3828091993365386	0.02944464919260574	0.08649099789679673	0.06664017079341344	1.296239243583818	0.01985082710338329	0.12737279104830035	0.07608876375382186	1.6736514430853575	0.05128402729447849	0.0687537571978793	0.06948200838481298	0.9893232371901914	-0.00072825118693369	0.06958320064517591	0.08958758854693957	0.7718376262423325	-0.020004387901763662	0.06166545992855865	0.06143977867417706	0.9979869999048115	0.0002256812543815906	0.0339963064060855	0.07199965286456028	0.4677886407436853	-0.03800334645847478
35	0.14332704188183756	0.11463230476380248	1.247528798913149	0.02869473711803508	0.08306332969216072	0.09083747702939118	0.9157316033472785	-0.007774147337230461	0.2368521337119801	0.07629658517004992	3.1012621576020756	0.1605555485419302	0.17576080375237746	0.06307906235973917	2.786156914907404	0.11268174139263828	0.20187388571504633	0.11370575158381159	1.7748209807105308	0.08816813413123474	0.1586585012443925	0.1005651092778223	1.5814204629082114	0.05809339196657021	0.15195553451448635	0.0909968250639947	1.6687061665608933	0.060958709450491644	0.10904220758727248	0.08112088122751343	1.3415990884154612	0.027921326359759052	0.28431212513020526	0.09269861401783863	3.0808559665754816	0.19161351111236663	0.1858280476501748	0.07481054603071052	2.4818505578817422	0.11101750161946428	0.3070775709405641	0.10809147841959821	2.8411542350948125	0.19898609252096588	0.2419347599815292	0.0934476562781483	2.588697849600533	0.1484871037033809	0.3173427151852648	0.13252561438516183	2.394361047360155	0.18481710080010297	0.2871415683900652	0.09494619267129548	3.0279898023861582	0.19219537571876974	0.3176689036765352	0.09341783175405238	3.4179666281559555	0.22425107192248284	0.26401829158921203	0.07477069058364375	3.5376620556888234	0.18924760100556828
36	0.16565252448292012	0.06383813295860503	2.603775243781434	0.10181439152431508	0.1463198550317188	0.07543742454325814	1.9380640725814469	0.07088243048846066	0.09385026563724394	0.08371823747469641	1.12116449051566	0.010132028162547532	0.1372840141281343	0.07663176888286705	1.7879461874967406	0.060652245245267244	0.060583818783862334	0.05052649665272438	1.1993549410499629	0.010057322131137955	0.08735987102322608	0.08399594589702977	1.0375027077465875	0.003363925126196307	0.0394423702629418	0.04516503589967236	0.8715778379803018	-0.005722665636730559	0.047291651516191385	0.07565700851920372	0.6260825035768525	-0.028365357003012334	0.08650538102229477	0.0880777562414418	0.9802461716371353	-0.0015723752191470347	0.0925769865140719	0.06752738067408998	1.367751722033871	0.02504960583998192	0.11733943682742176	0.048299773970698734	2.429441349230407	0.06903966285672303	0.1680874651437906	0.06303021580259402	2.664572710562922	0.10505724934119659	0.05913830249255142	0.06050176693192455	0.9763382834056561	-0.0013634644393731299	0.0838768786378502	0.08574172116605125	0.9784040160846079	-0.001864842528201044	0.11144900353468545	0.051692166772855	2.1553802634962684	0.059756836761830454	0.0914087142347329	0.07312609208408657	1.2559325311029346	0.018282622150646327
37	0.12015529808098349	0.0894151323782566	1.3418750422246248	0.03074016570272689	0.10176165378628145	0.09188207600915667	1.1127279907647583	0.009879577777124782	0.11851722698782916	0.0725620605755696	1.6260297977177425	0.04595516641225955	0.13431903432865813	0.08381548118166614	1.6199191316538362	0.050503553146991995	0.059550953021655306	0.08195159766160634	0.721552751501445	-0.022400644639951034	0.07436398775311168	0.08089940973401628	0.9197760572869431	-0.006535421980904607	0.19983778247341535	0.06412742615480052	3.114347862062937	0.13571035631861483	0.28048895339127977	0.07215724289559487	3.883841297376962	0.20833171049568489	0.22526908414172273	0.07379114266896622	3.053166291438226	0.1514779414727565	0.24959843312981073	0.08085171178950529	3.089179431133406	0.16874672134030544	0.173744841892631	0.06733197789353959	2.567995241760947	0.10641286399909142	0.1945779735881909	0.08244804454733151	2.347669636502208	0.11212992904085939	0.2023346026511768	0.07049306632531627	2.8714612964488775	0.13184153632586054	0.23298562568484912	0.07732569284341137	3.02120316502483	0.15565993284143775	0.04393239925453928	0.07135013293565133	0.6130743270731414	-0.02741773368111205	0.03170154388108277	0.07072119249161875	0.44627413673361593	-0.03901964861053598
38	0.05417886903725587	0.0891123286167971	0.6094360868348238	-0.034933459579541234	0.04420313946972561	0.08365130406975203	0.5418286988597721	-0.039448164600026425	0.1449341859667733	0.07763396757178664	1.8740551776679173	0.06730021839498665	0.11099083025771489	0.07234749903602813	1.5349765292365132	0.038643331221686755	0.14919145271748135	0.09577653619162589	1.5656777717098498	0.05341491652585546	0.11515932564571091	0.0654055563797628	1.7775574376038703	0.049753769265948114	0.03469841606254172	0.0967289394163095	0.3501273543294504	-0.06203052335376778	0.0491156380882468	0.09788029323497552	0.5068033109450488	-0.048764655146728716	0.13347235271915642	0.10398242983892098	1.2851285229600444	0.029489922880235442	0.13733334461188249	0.0824516026061778	1.6688668260215105	0.054881742005704684	0.09364200472752057	0.09422071935280324	0.9985193252456278	-0.0005787146252826669	0.11241336379406587	0.06535213292395568	1.7541290372173806	0.04706123087011019	0.17547885589848194	0.09365229842941832	1.8580091460799137	0.08182655746906363	0.12196838060492984	0.07592602548060891	1.5782232659095685	0.046042355124320936	0.175726975567604	0.1048626411482535	1.673784444080837	0.0708643344193505	0.15411881495958624	0.06594287331684327	2.3378525632443514	0.08817594164274296
39	0.12145680754959085	0.06043436383625632	2.0132085811420395	0.061022443713334526	0.17606804026769432	0.07050008374152256	2.535050212357875	0.10556795652617176	0.06766855496619392	0.0671431549901692	1.0239391127504232	0.0005253999760247291	0.10712753084404603	0.07526628323614026	1.4283371420758748	0.03186124760790576	0.07037695892330771	0.07036174342036883	1.0078419234203402	1.5215502938883962e-05	0.05377829411402667	0.08603138441176084	0.6249574431753009	-0.03225309029773417	0.08051486119835487	0.07306141476739791	1.1120966590284058	0.007453446430956953	0.10953491676763955	0.08782641099243997	1.2380429259972785	0.021708505775199574	0.03904104142582884	0.05723818997199904	0.675857084750973	-0.018197148546170196	0.04296483180887263	0.06455231674608063	0.6743058102341454	-0.021587484937207996	0.07893045946721178	0.052596045982229334	1.505967592811285	0.026334413484982444	0.12979807014223557	0.05701341227918277	2.2915090189734526	0.0727846578630528	0.04148860319942729	0.0679340034241694	0.602566598627224	-0.026445400224742108	0.054616677953827034	0.082454519805753	0.6976610196311877	-0.027837841851925962	0.013902955089482399	0.0694380369549803	0.20030802328622033	-0.055535081865497896	0.03173298224138722	0.08560536890141912	0.3663774282076997	-0.0538723866600319
40	0.09005688731896819	0.09795548245220159	0.9197028897929517	-0.007898595133233405	0.09092543028972147	0.09187956586942904	0.9918920310088204	-0.0009541355797075685	0.03406339234636594	0.08478800124166783	0.4030656954277829	-0.050724608895301886	0.019440254077877046	0.06411976566737372	0.3181075409470133	-0.04467951158949668	0.08710582950257457	0.20552644228305247	0.4239444209284061	-0.1184206127804779	0.11337782460149215	0.08031037897053586	1.4043991678846939	0.03306744563095629	0.07484605582667189	0.10076073911379098	0.7446692053271744	-0.025914683287119086	0.08975558436579006	0.0967412465268212	0.9279049814674327	-0.0069856621610311365	0.04255173626787015	0.08382471059687999	0.5076673513381775	-0.04127297432900984	0.03751125625419893	0.08911024119760975	0.4252719597925699	-0.05159898494341082	0.0817993757138513	0.07059884289969111	1.1571754566166446	0.011200532814160197	0.09541774946317115	0.07313023621165922	1.3174763392075506	0.02228751325151193	0.05789285622782255	0.11162248100407396	0.5222984477084721	-0.05372962477625141	0.03852118997110157	0.09886393830570753	0.38983801422323133	-0.060342748334605956	0.04584958301397892	0.10777612118393382	0.4265234353034758	-0.061926538169954894	0.04184648744042506	0.08370726382977989	0.5019726002731953	-0.04186077638935483
41	0.258996373772769	0.0631460921679302	4.1043693483483175	0.1958502816048388	0.26361923964968614	0.07295730401749334	3.6136054174155863	0.1906619356321928	0.10267664430671386	0.0601901554738134	1.7037927127645052	0.04248648883290046	0.09818097937883319	0.06478181756419961	1.5148952194615921	0.03339916181463358	0.11086179662053487	0.14720800834006567	0.7488699927518244	-0.0363462117195308	0.14062476166190055	0.10033333129926975	1.4003801242828193	0.0402914303626308	0.12461672041758112	0.14093478311031576	0.8808630655924824	-0.01631806269273464	0.08777997828672096	0.07858684465180935	1.1170303293383923	0.009193133634911616	0.24786320143913465	0.06986702777555202	3.5408958889185245	0.1779961736635826	0.26684606219001195	0.0676501685138168	3.944412037677978	0.19919589367619514	0.04905835405808903	0.09366467759846478	0.5265360390043545	-0.04460632354037575	0.06794583729331669	0.08530974358669147	0.79759517865292	-0.01736390629337478	0.12786446440326582	0.07095306550779647	1.802148242172248	0.05691139889546935	0.05332512168834691	0.07445195936705196	0.7286325492089946	-0.021126837678705046	0.013170856974515751	0.09660078206922326	0.13860729273551575	-0.08342992509470751	0.059802641417338695	0.07450488088914395	0.8067718344947533	-0.014702239471805253
42	0.17770975827741597	0.0776561966314194	2.288904310009629	0.10005356164599657	0.2271077729481089	0.08736571586672731	2.6049166724606874	0.1397420570813816	0.16363123749523814	0.06817573005253495	2.398964293378781	0.09545550744270319	0.19600486244571347	0.07107492179077489	2.758894934140806	0.12492994065493858	0.11656652990476804	0.06119189291559917	1.9038090495856523	0.05537463698916887	0.11363751949145975	0.0777716707417398	1.4608120932294306	0.03586584874971996	0.12002591653807496	0.06378592473398038	1.8995452830293438	0.05623999180409457	0.09741395895418348	0.08047166886803774	1.2183358290061	0.016942290086145742	0.23799253473493737	0.05679927346876605	4.1869441238082	0.1811932612661713	0.22033250128724374	0.07275147367355479	3.0285112780185557	0.14758102761368896	0.22253409533519453	0.07276168794565327	3.058095992402787	0.14977240738954126	0.23746827008750276	0.08084808392999611	2.9408864024567105	0.15662018615750667	0.15209438774317874	0.07373120689550783	2.0703221248123227	0.07836318084767091	0.19000519195941293	0.090918648704889	2.0993141124525247	0.09908654325452393	0.11207169804855997	0.05794468517099709	1.9483600765763187	0.054127012877562886	0.19835000658479834	0.06853656762974733	2.9011379846006413	0.129813438955051
43	0.15380571307195356	0.0799001202089637	1.9250349536702203	0.07390559286298987	0.2134462437205416	0.0786099529866569	2.711927971759849	0.1348362907338847	0.1201861726605786	0.09819503288715194	1.2267859467887763	0.021991139773426663	0.12001382814555261	0.08844168282211429	1.357959314537039	0.03157214532343833	0.08222099680321923	0.1108800255027279	0.7409573071467097	-0.028659028699508662	0.11632638745074289	0.10148936796202866	1.1466971088041464	0.014837019488714229	0.015907595468526894	0.08069863682523337	0.1978938648851839	-0.06479104135670648	0.024438318366255443	0.07377297032845198	0.32959838096628574	-0.04933465196219654	0.24637285472408865	0.11023426411806905	2.236461748762408	0.1361385906060196	0.20923563013122853	0.08927636911105298	2.3433423752118445	0.11995926102017555	0.17055366062465416	0.11767155230302803	1.4500274857050401	0.052882108321626126	0.14029273630836253	0.10273374696058973	1.3662477864989517	0.0375589893477728	0.07596687219019985	0.11451210211736434	0.6599728640577178	-0.0385452299271645	0.10006075006480039	0.09608625434639687	1.0415827179824673	0.003974495718403526	0.1592838700478739	0.08521387087250125	1.866440256313376	0.07406999917537264	0.17486125171193587	0.0773854585615954	2.2571164102073897	0.09747579315034047
44	0.2207590471080661	0.10795771989104261	2.044231268345092	0.11280132721702349	0.3064310538146725	0.09643625336398853	3.181211348544748	0.20999480045068397	0.09633184558116797	0.08899366339019729	1.0791696281146521	0.007338182190970682	0.11123845297567944	0.08083789605348611	1.3662237064257727	0.03040055692219333	0.14062680437257286	0.07326730282599452	1.9175851103876944	0.06735950154657834	0.1963772010984699	0.08375047686393075	2.353171992562859	0.11262672423453915	0.13270048021516292	0.0765500323982144	1.7339326087273919	0.05615044781694853	0.12510619896421643	0.07775583658339953	1.600553840418608	0.0473503623808169	0.11485573000389655	0.08804214101176361	1.3090531658151456	0.026813588992132945	0.13892028850823088	0.07967862642580092	1.750553474619784	0.05924166208242995	0.04977125541603814	0.06697616405442694	0.7536494359127284	-0.017204908638388798	0.0440847022770533	0.07263907920361357	0.5966020981910067	-0.028554376926560265	0.09400885913337365	0.06706104891009082	1.402544483659936	0.026947810223282825	0.1321395882434392	0.07330908972041923	1.8022345925899017	0.058830498523019956	0.09684656077682846	0.06543985502499197	1.4811456966967431	0.03140670575183649	0.08604994236091743	0.06952657141620014	1.2385051262421718	0.016523370944717286
