fp	AmpSno20_1	AmpNno20_1	AmpSNRno20_1	AmpSmNno20_1	ItcSno20_1	ItcNno20_1	ItcSNRno20_1	ItcSmNno20_1	AmpSno20_2	AmpNno20_2	AmpSNRno20_2	AmpSmNno20_2	ItcSno20_2	ItcNno20_2	ItcSNRno20_2	ItcSmNno20_2	AmpSno40_1	AmpNno40_1	AmpSNRno40_1	AmpSmNno40_1	ItcSno40_1	ItcNno40_1	ItcSNRno40_1	ItcSmNno40_1	AmpSno40_2	AmpNno40_2	AmpSNRno40_2	AmpSmNno40_2	ItcSno40_2	ItcNno40_2	ItcSNRno40_2	ItcSmNno40_2	AmpSno80_1	AmpNno80_1	AmpSNRno80_1	AmpSmNno80_1	ItcSno80_1	ItcNno80_1	ItcSNRno80_1	ItcSmNno80_1	AmpSno80_2	AmpNno80_2	AmpSNRno80_2	AmpSmNno80_2	ItcSno80_2	ItcNno80_2	ItcSNRno80_2	ItcSmNno80_2	AmpSlo20_1	AmpNlo20_1	AmpSNRlo20_1	AmpSmNlo20_1	ItcSlo20_1	ItcNlo20_1	ItcSNRlo20_1	ItcSmNlo20_1	AmpSlo20_2	AmpNlo20_2	AmpSNRlo20_2	AmpSmNlo20_2	ItcSlo20_2	ItcNlo20_2	ItcSNRlo20_2	ItcSmNlo20_2	AmpSlo40_1	AmpNlo40_1	AmpSNRlo40_1	AmpSmNlo40_1	ItcSlo40_1	ItcNlo40_1	ItcSNRlo40_1	ItcSmNlo40_1	AmpSlo40_2	AmpNlo40_2	AmpSNRlo40_2	AmpSmNlo40_2	ItcSlo40_2	ItcNlo40_2	ItcSNRlo40_2	ItcSmNlo40_2	AmpSlo80_1	AmpNlo80_1	AmpSNRlo80_1	AmpSmNlo80_1	ItcSlo80_1	ItcNlo80_1	ItcSNRlo80_1	ItcSmNlo80_1	AmpSlo80_2	AmpNlo80_2	AmpSNRlo80_2	AmpSmNlo80_2	ItcSlo80_2	ItcNlo80_2	ItcSNRlo80_2	ItcSmNlo80_2	AmpShi20_1	AmpNhi20_1	AmpSNRhi20_1	AmpSmNhi20_1	ItcShi20_1	ItcNhi20_1	ItcSNRhi20_1	ItcSmNhi20_1	AmpShi20_2	AmpNhi20_2	AmpSNRhi20_2	AmpSmNhi20_2	ItcShi20_2	ItcNhi20_2	ItcSNRhi20_2	ItcSmNhi20_2	AmpShi40_1	AmpNhi40_1	AmpSNRhi40_1	AmpSmNhi40_1	ItcShi40_1	ItcNhi40_1	ItcSNRhi40_1	ItcSmNhi40_1	AmpShi40_2	AmpNhi40_2	AmpSNRhi40_2	AmpSmNhi40_2	ItcShi40_2	ItcNhi40_2	ItcSNRhi40_2	ItcSmNhi40_2	AmpShi80_1	AmpNhi80_1	AmpSNRhi80_1	AmpSmNhi80_1	ItcShi80_1	ItcNhi80_1	ItcSNRhi80_1	ItcSmNhi80_1	AmpShi80_2	AmpNhi80_2	AmpSNRhi80_2	AmpSmNhi80_2	ItcShi80_2	ItcNhi80_2	ItcSNRhi80_2	ItcSmNhi80_2
5	0.20147871376931337	0.0850377778548573	2.3820044265208713	0.11644093591445606	0.27991672767500453	0.10904414314422314	2.5682567071746716	0.17087258453078139	0.3026453810550733	0.07585460720496806	3.9943247329514042	0.22679077385010527	0.28386204224247646	0.09160413444741371	3.097275752667117	0.19225790779506274	0.07800545446784835	0.06404159612914592	1.2328858290666904	0.013963858338702423	0.16854011982737008	0.10993581669805155	1.5334266389135611	0.058604303129318525	0.1240586668245384	0.07119829305637701	1.7407105642644174	0.052860373768161384	0.2424242007932408	0.11997606637743334	2.0273258755706385	0.12244813441580747	0.02402665282656373	0.02194058343387116	1.084100475197349	0.002086069392692569	0.13396999640368526	0.09975490637740353	1.3433447671294583	0.03421509002628173	0.03678671099704267	0.025562456615919216	1.438907045027847	0.011224254381123455	0.11326356294614084	0.10031129000212938	1.1297468756749374	0.012952272944011467	0.25284017239184814	0.07786191003009862	3.2366803669859405	0.17497826236174951	0.33947008504097836	0.11804599853524834	2.876943258324842	0.22142408650573003	0.11668580148079843	0.06830861263961545	1.708869602263297	0.048377188841182986	0.16617404208391906	0.09762114139702649	1.7056011559901498	0.06855290068689257	0.06445199173918766	0.062084818359620916	1.0607207820938118	0.0023671733795667393	0.15504523514975735	0.10551834871005074	1.4693928450054567	0.04952688643970661	0.06759823790961136	0.03483846354386158	1.9549744594722638	0.03275977436574978	0.10147888120590397	0.09003316838785638	1.1281231413759623	0.011445712818047585	0.029288502319508865	0.0704157501035976	0.41398664233121196	-0.04112724778408874	0.047331291142956734	0.09931256432195795	0.487334083206575	-0.05198127317900122	0.02585542025514842	0.02426646734408757	1.0665483717248023	0.0015889529110608494	0.02072880572694699	0.08128020031958322	0.27422215248923626	-0.060551394592636226	0.18213186534149178	0.07964785357865073	2.2877512326719334	0.10248401176284105	0.21835411036573366	0.10029398949581153	2.1661351668392346	0.11806012086992212	0.23170374044343556	0.09096166037287746	2.5454070642621023	0.1407420800705581	0.271951404567076	0.10942474035680895	2.4882409643171535	0.16252666421026707	0.08335675795585784	0.04963131943311402	1.6732869072140089	0.033725438522743824	0.13909227683855602	0.09443870202154474	1.4722380837644533	0.04465357481701128	0.1006152885709331	0.04629822911160576	2.1714100241785417	0.05431705945932734	0.13525034205474015	0.09894700041868267	1.390821469715625	0.03630334163605749	0.03430640950863181	0.035620042909691105	0.9745306131967346	-0.0013136334010592915	0.06155531022454872	0.08741247699904381	0.716584950621959	-0.025857166774495087	0.07100374715622182	0.04797506834000467	1.4878471198826118	0.023028678816217146	0.08812636226564804	0.0967961029847344	0.9050825214450223	-0.008669740719086355
6	0.359224749509103	0.10411817575675365	3.451946106800338	0.25510657375234935	0.3508570099839507	0.10501440477778318	3.3408280271353377	0.24584260520616752	0.4732524577293755	0.22035076390768293	2.147627519496597	0.2529016938216926	0.2780284711521843	0.12116598635810552	2.2947557666641347	0.1568624847940788	0.05860046367981622	0.05078077625968598	1.1636168642962854	0.007819687420130242	0.09319366878838506	0.09313055253337633	0.9983942480912816	6.311625500872442e-05	0.04519047981661731	0.0494623732564296	0.9269806944211767	-0.00427189343981229	0.06567726884536543	0.08608840593227629	0.7706230534183057	-0.020411137086910863	0.01584358694768298	0.03215273187513335	0.4912735727574098	-0.01630914492745037	0.03455907405322174	0.0933649405563581	0.3843885156098483	-0.058805866503136364	0.0416308695203896	0.026192741307249065	1.5936236956255767	0.015438128213140535	0.12208526829314494	0.09769267208973414	1.237052411689672	0.02439259620341079	0.39655712726572356	0.10857810058938312	3.662224632651661	0.28797902667634045	0.3886015666382508	0.13034007697107333	2.977788936285484	0.25826148966717744	0.24872141797327374	0.08364653695175409	2.99291671737666	0.16507488102151965	0.29141882694795096	0.11407537313595326	2.5557577761608856	0.1773434538119977	0.1305212611175519	0.0806970512195303	1.623974861159379	0.04982420989802161	0.19783150320337978	0.11473602121493368	1.7248888692372986	0.0830954819884461	0.07603922671756677	0.09535932106959537	0.7988534935494658	-0.019320094352028597	0.11836857172456719	0.13692150508546003	0.8648614461602169	-0.018552933360892837	0.017931393233735007	0.033575228987938036	0.5354682389279193	-0.015643835754203028	0.049320029179193633	0.08312689225104582	0.59327744545337	-0.03380686307185218	0.04352693785870399	0.026510523652661103	1.6425899673458557	0.017016414206042888	0.11101494187504578	0.07523164155730397	1.4920855088458778	0.03578330031774181	0.4334840701397869	0.09329654125572955	4.663662842750147	0.34018752888405734	0.3145078822653409	0.09482584873929165	3.3241200943383227	0.21968203352604923	0.3598043922710503	0.0903652355328424	3.9923405552624027	0.26943915673820795	0.34099084883363673	0.10471501117518345	3.2627516666845464	0.23627583765845328	0.10352919234294047	0.050196799631929814	2.062425452650972	0.05333239271101066	0.15000399310556045	0.0870868567323302	1.7221246815949667	0.06291713637323025	0.1419983613104119	0.07027331152885465	2.0191923809711154	0.07172504978155726	0.2112886482823225	0.09985509107793439	2.1156397442142043	0.1114335572043881	0.026852905774255763	0.03789649920318976	0.7086008280299539	-0.011043593428933993	0.034635958121601695	0.09539956343618813	0.36186808952345584	-0.06076360531458644	0.030232116109228005	0.03839303962505794	0.7899733437091812	-0.008160923515829935	0.07135871923728425	0.1000355301497953	0.7231845476044529	-0.02867681091251105
7	0.32124517747923453	0.07576045439746817	4.2393352026416995	0.24548472308176636	0.2604644871911535	0.09002812265234586	2.883909951146807	0.17043636453880764	0.15213247788532638	0.11447334460609529	1.3288469807400305	0.037659133279231094	0.11225487150128538	0.09170316895865688	1.2232443877990273	0.020551702542628503	0.17909941024812054	0.0854214975647494	2.0984019644562477	0.09367791268337114	0.18755170319444628	0.10528955908616708	1.7844594641989766	0.0822621441082792	0.16128433456646202	0.1042455614628752	1.549482088064004	0.05703877310358682	0.12385622185712833	0.1242118716145191	0.9999232432185889	-0.00035564975739077465	0.06325013049093015	0.03694127892059973	1.7098026429110347	0.026308851570330416	0.1833135499884196	0.10967305594333832	1.6689801325212512	0.07364049404508127	0.030340290619639734	0.03242911071229356	0.9352844824107188	-0.0020888200926538272	0.04723350530073983	0.09356572690660955	0.5074062801479825	-0.04633222160586972	0.4050774452044449	0.0727904898729225	5.568951781271187	0.3322869553315224	0.3778106475651417	0.08677395962842895	4.354517793075129	0.2910366879367128	0.2437554044222326	0.07727830637950983	3.1507960850546617	0.16647709804272276	0.22459488806982097	0.08684084313072263	2.5863474990783604	0.13775404493909835	0.08877888288167828	0.09503078052257824	0.9241607502771836	-0.006251897640899964	0.13502133934173155	0.11763500200202753	1.1467079974282155	0.017386337339704017	0.2571081062645193	0.09292985187170977	2.7773074231224637	0.16417825439280953	0.19803071052282256	0.10662179469140999	1.8635670371867352	0.09140891583141257	0.021851350799036655	0.039899434001227266	0.5466691546249317	-0.01804808320219061	0.06568532362854712	0.08685055727390006	0.744442529565073	-0.021165233645352943	0.03423445579044411	0.045539375202792456	0.7523045412751659	-0.011304919412348347	0.07388479277490911	0.09396633598711934	0.7878944350050103	-0.02008154321221023	0.22346956704867077	0.09153707369166461	2.441694339682038	0.13193249335700616	0.26323874034884	0.07857550992269664	3.354723866474499	0.18466323042614335	0.25586114410011246	0.09198502870138894	2.783935853987752	0.16387611539872352	0.23951762522393816	0.08641209914746059	2.7604138664842752	0.15310552607647757	0.04141083546302627	0.10195169836513598	0.40834248174879834	-0.060540862902109714	0.05985412689515311	0.11251620026277012	0.5447927085533789	-0.05266207336761701	0.1469385250662797	0.0614291401860808	2.3976725826575933	0.0855093848801989	0.17402075294992927	0.07355317082793114	2.376438070744726	0.10046758212199813	0.04604059314026457	0.05159250331603732	0.8933895092661037	-0.005551910175772751	0.11432551591072279	0.08983694902267264	1.3049052910423946	0.02448856688805015	0.10296867736579055	0.04408927489387138	2.356901529800675	0.05887940247191917	0.18753255225600157	0.10043752180544975	1.8682785527181356	0.08709503045055182
8	0.12754244527658315	0.14359403164366424	0.9418107352959177	-0.016051586367081094	0.054222393102929714	0.11247928146092068	0.512628995545068	-0.05825688835799096	0.15582804186985466	0.11147910193876523	1.399330970690691	0.04434893993108943	0.13850611132771046	0.09932795423821847	1.3933229616638143	0.03917815708949199	0.09613035823563007	0.1203935253735526	0.7666832734342552	-0.024263167137922537	0.09809013476531889	0.10857866697268462	0.905043513110486	-0.01048853220736573	0.05579786725224919	0.08797381232851767	0.6321031660841414	-0.03217594507626848	0.037946889616599165	0.08378562083150541	0.4477326462442951	-0.045838731214906246	0.04871081635179382	0.04674375871734085	1.0491707988512728	0.0019670576344529705	0.06383707429642578	0.0880075334934631	0.7211544991650659	-0.024170459197037322	0.056657476049818675	0.06617166289352501	0.8599907677721872	-0.009514186843706335	0.041802287843473875	0.09855842493004711	0.4238397268072217	-0.05675613708657324	0.31721170418109257	0.13820313530208417	2.305713186418481	0.1790085688790084	0.2615355842501825	0.10936143920301478	2.3944910314885215	0.1521741450471677	0.2752607319596745	0.1357363174321257	2.0256019705537707	0.1395244145275488	0.162469060344238	0.08890733101071858	1.8201271976404465	0.07356172933351941	0.12238766697612644	0.09421531965664787	1.2991115063804406	0.02817234731947857	0.13991995794327367	0.10383341532812518	1.348008286591038	0.03608654261514849	0.12707595828543916	0.08559565807320901	1.4854908778375848	0.04148030021223015	0.14203938459439852	0.09604878983611614	1.475384096745758	0.04599059475828238	0.04205797842941474	0.07740332711498352	0.5380661727586731	-0.035345348685568774	0.038818990372837904	0.11120018559972938	0.34853096017120344	-0.07238119522689149	0.05968660438650404	0.08889358030300651	0.66754456177636	-0.029206975916502467	0.08049324951210801	0.11449213743206865	0.7066314949338666	-0.03399888791996064	0.10528993616229779	0.14252843153908545	0.7329131626274337	-0.03723849537678767	0.11622497166028858	0.09993440347418993	1.1653327303506065	0.016290568186098656	0.14023561506403032	0.10266210267267761	1.3661296448283355	0.037573512391352704	0.08953601070409523	0.09541245138072527	0.93837003420427	-0.00587644067663004	0.057205982404004305	0.09805648825938724	0.616071882600477	-0.04085050585538294	0.08567630785630134	0.09898686992754935	0.8566186989436072	-0.013310562071248006	0.07745543637376362	0.09097587122600448	0.8469171950212009	-0.013520434852240859	0.06106594318612825	0.10083383974534876	0.6042173160341229	-0.039767896559220514	0.06196454461331458	0.04756820603107109	1.3027428446347007	0.014396338582243491	0.12416972142989013	0.09350217384489895	1.364687499562816	0.030667547584991184	0.05469749039938033	0.09403308376671972	0.5850541354344836	-0.03933559336733939	0.08562402931755494	0.10059082992161045	0.8505666953420915	-0.014966800604055502
9	0.5022125446489485	0.08614746273873597	5.834411894410646	0.4160650819102125	0.48787377149202193	0.08081382389109588	6.077307432359796	0.40705994760092606	0.29995778078146995	0.10343503396499523	2.901080684476332	0.19652274681647472	0.29272436506734945	0.10888544431136371	2.6874579709210837	0.18383892075598574	0.06921170597453284	0.05207979987029088	1.3302452770408826	0.017131906104241965	0.11004495457768215	0.07924603856226861	1.3893630859605182	0.03079891601541354	0.16694700231369242	0.10696702613694758	1.5610122626401837	0.05997997617674483	0.18537283545143524	0.1079266638866233	1.7238223537577135	0.07744617156481194	0.07496667872095322	0.041908341429789275	1.7948401127166775	0.03305833729116395	0.19946854596756425	0.09871698559196417	2.022734203530466	0.10075156037560008	0.03756818514585068	0.028058697162895573	1.3408621986020552	0.00950948798295511	0.1362049473484782	0.08480854890376946	1.628009690372945	0.05139639844470875	0.3804505331724931	0.06379018742969678	5.966780319675582	0.31666034574279633	0.4010338128095299	0.08564889088214125	4.680478193270587	0.31538492192738865	0.3936710039170426	0.08866969087463147	4.437771004581466	0.30500131304241107	0.32913428818677726	0.09289697365062277	3.5496155666894404	0.23623731453615449	0.12417539965774399	0.15728298496450227	0.7894346001412323	-0.03310758530675828	0.09253825028242146	0.11992287989930475	0.7726920348610284	-0.027384629616883288	0.10389528773643544	0.06639017090719268	1.5654214683736294	0.03750511682924276	0.08985273494395005	0.08497559433822559	1.0549979195286956	0.004877140605724459	0.03286172815083464	0.033027758248742115	0.9974608471887934	-0.00016603009790747136	0.16562377181267496	0.10206046223915989	1.6289433946576475	0.06356330957351507	0.05613925445803834	0.03209204859323804	1.742860017679846	0.024047205864800303	0.15958153851043866	0.10835582675298616	1.4732949736459156	0.0512257117574525	0.14716882383717422	0.1594345509924584	0.9227777660093303	-0.012265727155284178	0.39018087410979013	0.08146318949912426	4.811800935038358	0.30871768461066584	0.4342302005502891	0.06953543551103679	6.263489197752152	0.3646947650392523	0.38818727819717425	0.08502651733864616	4.558259223454828	0.30316076085852806	0.14594694533626829	0.08395972510436016	1.7408677818348637	0.06198722023190813	0.19739745711972445	0.09668099546064962	2.0585028300253905	0.10071646165907483	0.10461196388500824	0.07116814973219016	1.4749068248710109	0.03344381415281808	0.13715944778256836	0.10977257145884999	1.2420100567644827	0.027386876323718376	0.04981763545444247	0.04315507255460159	1.1553276480826953	0.006662562899840879	0.11285330432691737	0.13331378298075294	0.8550902268382933	-0.020460478653835573	0.11893002523317284	0.052008804132893244	2.287019615756199	0.0669212211002796	0.26864394315044005	0.12291815345804731	2.18728165545831	0.14572578969239275
10	0.07964394322329417	0.1631152494467944	0.4901026940291542	-0.08347130622350023	0.057117438047483315	0.09909908787678595	0.5752180690164822	-0.041981649829302636	0.1015596854169046	0.1342634613906568	0.7575089850392579	-0.03270377597375221	0.08488742617025147	0.0863605804585289	0.9732859305512864	-0.001473154288277434	0.13049255403529658	0.1162151746003515	1.1228837639138975	0.014277379434945087	0.12110090213584469	0.08803526757375546	1.3749643483507645	0.03306563456208923	0.16348871362919104	0.09906687198018964	1.6491009492399753	0.0644218416490014	0.1380131032530843	0.10446382984220035	1.3208183636079773	0.033549273410883956	0.01039599324206859	0.121223560377465	0.08551221729629689	-0.1108275671353964	0.08501379175960895	0.12195384705770973	0.696616680788966	-0.03694005529810078	0.04934772977755313	0.07554686639313818	0.6536698007429245	-0.026199136615585046	0.06299653021666385	0.10333015319788966	0.6072017106428406	-0.04033362298122581	0.017517669961511224	0.24029361085930592	0.07262789095379706	-0.2227759408977947	0.0806276178597711	0.12663665470920332	0.6370660281429574	-0.04600903684943222	0.28006856910389843	0.14762460573913566	1.8966531484818885	0.13244396336476277	0.15140161983594458	0.10272597243484882	1.475964984240536	0.048675647401095756	0.3148730874228103	0.16456047898949272	1.9140777659076131	0.15031260843331756	0.1517575898942015	0.10236956277715478	1.4821027593608957	0.04938802711704671	0.08813769300196005	0.15589841655455045	0.5650747871991986	-0.0677607235525904	0.06428125811304825	0.09773964956694767	0.6579569405965601	-0.03345839145389942	0.04874437461741849	0.07180448981513118	0.6771467169549767	-0.023060115197712693	0.0874682003698275	0.1137158819407853	0.7626098873908946	-0.026247681570957804	0.04284301828765957	0.08564445572128108	0.5002098830630433	-0.04280143743362151	0.029395858475459447	0.1060626871147744	0.27615625605701893	-0.07666682863931495	0.1799711599699264	0.14546304055782738	1.2380504816401254	0.034508119412099025	0.17063717166201825	0.1216426794107498	1.4025471726712162	0.04899449225126845	0.10387793214863814	0.145616664636473	0.7128457899361396	-0.041738732487834856	0.0739207492343559	0.12317914759241494	0.60581499903991	-0.049258398358059036	0.0752887569888551	0.14855068405381144	0.5063688589422249	-0.07326192706495635	0.019365468281837224	0.09782926299987846	0.19819684798877416	-0.07846379471804124	0.04972651850873409	0.1470911128640851	0.3414382918786889	-0.09736459435535103	0.05012683484859837	0.10581221688889086	0.476171215001183	-0.0556853820402925	0.11453543397556203	0.11462716364242229	0.9980496360255654	-9.172966686026018e-05	0.0493138003291666	0.094836787660244	0.5145887606475021	-0.0455229873310774	0.030324816730926178	0.07590810795403544	0.39904867428297874	-0.04558329122310926	0.08239412891471053	0.09608159610570582	0.8519627994617466	-0.013687467190995298
11	0.319450743026524	0.09586203410917252	3.3545549833487307	0.22358870891735147	0.2687359408981653	0.09150034542208087	2.929612365564421	0.17723559547608447	0.3484015381822147	0.07851013678165958	4.464373850193699	0.2698914014005551	0.3408567151579195	0.09215423079783451	3.7076774616192827	0.24870248436008496	0.08406934856058627	0.08579226506220901	0.9866384149095461	-0.0017229165016227344	0.11191640939635823	0.1240463095228196	0.892292185139999	-0.012129900126461368	0.07548677438929492	0.06514313970256672	1.1587763913692357	0.010343634686728206	0.12311304432638526	0.10872450885314844	1.1323087631068933	0.014388535473236819	0.013898215403251968	0.033496475861664696	0.4138362783527848	-0.019598260458412727	0.08069025623502482	0.1101474502049532	0.7364750918675234	-0.02945719396992838	0.05212214557827188	0.03939397006023859	1.3230017695020044	0.012728175518033291	0.07023511082617763	0.1076546036051521	0.6457907733211218	-0.03741949277897447	0.3279847182772221	0.0893539416693631	3.6779195106634766	0.23863077660785897	0.40722617414537166	0.09050529318187636	4.480932072705439	0.31672088096349527	0.44933669069212956	0.08845673281317282	5.098350780523488	0.36087995787895677	0.5269237145784135	0.089519614114933	5.896949451151867	0.43740410046348044	0.12839878859469822	0.06649132648542011	1.9344782324359149	0.06190746210927811	0.1961631567062322	0.09219387977442162	2.1302354501823872	0.10396927693181057	0.09334770801548174	0.05639564415420127	1.6704804232383892	0.03695206386128047	0.13272836418855316	0.09461704602275905	1.41559765475757	0.038111318165794106	0.04477330296977118	0.03782332658422277	1.184981065706725	0.006949976385548409	0.09888281662584736	0.08011673068100802	1.2352113853746065	0.018766085944839334	0.05751253382563823	0.03203592160509013	1.7947308217316835	0.025476612220548096	0.1906039433222121	0.10657298583018432	1.795216933403367	0.08403095749202777	0.46055550548634205	0.056079527815112586	8.228324855279801	0.40447597767122945	0.5523502786063994	0.06459106844631843	8.660863440290683	0.48775921016008095	0.38675270619461244	0.05770831022867162	6.824069357730295	0.3290443959659408	0.37925955957900415	0.07851653883364984	4.831559097773747	0.3007430207453543	0.09579140541889475	0.08211631350019115	1.1658288578800788	0.0136750919187036	0.11014756336321038	0.10276974107242078	1.07044566081504	0.007377822290789607	0.09688159120829257	0.044276372291042435	2.224613142790284	0.05260521891725013	0.13433465439793976	0.08830873463686834	1.5253530651614624	0.04602591976107143	0.017706688216590313	0.055365442203350324	0.3226938572958964	-0.03765875398676001	0.047432879690308585	0.08552414980991525	0.5503346461202024	-0.03809127011960667	0.022109196588920924	0.034104519470085505	0.6475362679701048	-0.011995322881164582	0.023450282305700933	0.09078404684560262	0.25832394450786195	-0.0673337645399017
12	0.2605379680874368	0.10122628463112199	2.585330182551438	0.1593116834563148	0.23683664504761265	0.12136957396350426	1.9589510905324476	0.11546707108410839	0.1946342731223951	0.19620949360033374	0.991632402350231	-0.0015752204779386492	0.0844303743182853	0.10170708722214439	0.8302570115115477	-0.017276712903859084	0.0660727176564507	0.08097307601079863	0.8136221987955528	-0.014900358354347928	0.12925258911708376	0.11530730134037603	1.1228843325448368	0.013945287776707727	0.1379277942783709	0.20836117762773243	0.6623518893514355	-0.07043338334936153	0.143344885513358	0.10667792194635023	1.3483061616655694	0.03666696356700777	0.05609393804238791	0.052277588414568255	1.0792179067730254	0.003816349627819654	0.08752550134906126	0.08043217639300926	1.080795324826913	0.0070933249560519995	0.09766076064533968	0.04467440378782666	2.1842241367230626	0.052986356857513024	0.13187465722994993	0.09612314478134179	1.3661551163603374	0.035751512448608136	0.33476261588959955	0.11987573944429172	2.78755410381602	0.21488687644530782	0.14157252048101931	0.08644749346547997	1.6335760883730313	0.05512502701553934	0.3006724799489128	0.10786314717503237	2.7928348293080667	0.1928093327738804	0.20067322991883704	0.090095091441311	2.226791147992473	0.11057813847752604	0.29201026306984823	0.3351249309972233	0.8706172950921658	-0.04311466792737506	0.07807778377250749	0.11175319330673156	0.6984954310837261	-0.03367540953422407	0.12527389668968678	0.12902933388157917	0.970963623164111	-0.0037554371918923912	0.16899003965577888	0.10029609764618715	1.6875427162961305	0.06869394200959174	0.33248355184845224	0.316811756294468	1.049854062903416	0.015671795553984236	0.22192351515685366	0.11317287499293643	1.9632663762675637	0.10875064016391722	0.0804144003329336	0.06841651928447581	1.1753540887275202	0.011997881048457781	0.07916263798980838	0.0955682044783408	0.8293776613835089	-0.01640556648853242	0.16940860010585979	0.09525322781400133	1.771875248856308	0.07415537229185845	0.15348534305885114	0.0820551268118952	1.8678947883956794	0.07143021624695595	0.7812656986516793	0.325516554254661	2.404052941868127	0.4557491443970183	0.20224295862881952	0.08308136655157117	2.4333809660265584	0.11916159207724836	0.40430998799411144	0.33338142857485076	1.2127247885866972	0.07092855941926068	0.1729876229063276	0.10709866765651657	1.6135394837378834	0.06588895524981103	0.32525012649489016	0.12872540904431837	2.530468446501202	0.1965247174505718	0.14798408002036945	0.09065779880333716	1.6307798684263433	0.05732628121703229	0.1746042893985167	0.2556819565638322	0.68314170092385	-0.0810776671653155	0.12032635436411454	0.11234163013651668	1.0836149005582107	0.007984724227597856	0.0944707755962661	0.13108639224127716	0.7205618496757702	-0.03661561664501106	0.031229828189516945	0.1059258622049481	0.29545983722184466	-0.07469603401543115
13	0.2561280146862368	0.0940269242800181	2.7210051734458034	0.1621010904062187	0.1752570025352127	0.10927329914859524	1.6045134945316635	0.06598370338661746	0.22735752860487268	0.07971767637678612	2.861081886740851	0.14763985222808657	0.29707432314934235	0.08236336910447704	3.6220029504962548	0.2147109540448653	0.06180146912609691	0.07767482239608023	0.7956286448344485	-0.01587335326998332	0.06282347058190935	0.10749619949767543	0.5815482969014966	-0.04467272891576608	0.015917578119930657	0.06954712196090092	0.22692968382246367	-0.05362954384097026	0.037715186037948	0.08719122507732188	0.4212756055170005	-0.049476039039373886	0.027249551979161464	0.035394239642219716	0.7696516720106679	-0.008144687663058252	0.14053118734575565	0.09394311489426319	1.4908451808692904	0.04658807245149246	0.043144912198296935	0.05228621359787726	0.8267001644656271	-0.009141301399580325	0.10809144150907134	0.11309367619888892	0.9555347377325303	-0.005002234689817586	0.22904009576055723	0.09651221592078127	2.3866406622316383	0.13252787983977596	0.2238500778174471	0.09560357157394024	2.343996081843245	0.12824650624350686	0.23192362567637131	0.1346094404196945	1.723323070764021	0.09731418525667682	0.2551159501113008	0.11252623802100954	2.30429405165768	0.14258971209029125	0.03352547841252661	0.06843925543822847	0.4946607679783369	-0.034913777025701864	0.030355479320966324	0.09880616636622659	0.3048633931756708	-0.06845068704526026	0.06942489812657476	0.0953763037461479	0.7289667001989844	-0.02595140561957314	0.09822552703318127	0.12093207292362575	0.8122333783172087	-0.022706545890444477	0.0657486967924371	0.04599874557012764	1.429979001723483	0.019749951222309457	0.1348592809995051	0.09367772691139342	1.4810986976590788	0.041181554088111666	0.054148908961153625	0.040003958076638174	1.3536970014324958	0.01414495088451545	0.1348318926898495	0.10654750240212445	1.2641996261915232	0.028284390287725045	0.19167572104073233	0.1309456664584644	1.4834639248612596	0.060730054582267934	0.1909338692112969	0.10007492072700766	1.9143302826650386	0.09085894848428924	0.2511562397939662	0.09517792647973133	2.657498774716954	0.15597831331423484	0.21162532545458695	0.08755700959418883	2.4198686879454216	0.12406831586039813	0.12014432515391138	0.10418738492870999	1.149529011616299	0.015956940225201388	0.131830499147867	0.11622801893237249	1.134341206333794	0.0156024802154945	0.07832523565028132	0.08910435516241089	0.8804301662226363	-0.010779119512129565	0.07825839966529664	0.07956282268431082	0.9919827416190621	-0.0013044230190141781	0.05650063207139455	0.06901132262874499	0.8188450309475265	-0.012510690557350435	0.027609536001096113	0.11115976495919028	0.24832437548298722	-0.08355022895809416	0.08038881285045915	0.06275060524194095	1.2859892845554644	0.017638207608518197	0.08228065687679861	0.10683166773449025	0.7726387403464126	-0.024551010857691638
14	0.17038059303185377	0.16960805510718596	1.003347554750949	0.0007725379246678044	0.07850867838122808	0.09677874218803989	0.8099441666059455	-0.018270063806811815	0.1155230629096924	0.2612427384204439	0.4416185666643241	-0.1457196755107515	0.01081562058922496	0.10076360977736235	0.10763830100145455	-0.08994798918813739	0.12872240279207636	0.10150900101320648	1.2685821939484492	0.027213401778869883	0.09124823311132811	0.08261931441074696	1.1044348246682663	0.008628918700581148	0.34849165981735564	0.16924212580030362	2.0603189119862337	0.17924953401705201	0.22834498633447506	0.09099723155368462	2.511418639587588	0.13734775478079042	0.01629240023230213	0.06414622507838749	0.25166393531005815	-0.04785382484608536	0.056006351230925865	0.09096983269919107	0.6174260467091042	-0.0349634814682652	0.20280162608114632	0.2243985209520945	0.903920777932856	-0.02159689487094818	0.18348577254848733	0.1220588893206814	1.5045913968185705	0.06142688322780593	0.13026948756121481	0.0848524064490273	1.5366784198408947	0.04541708111218751	0.14063468119467443	0.08722932334997435	1.6130371262965917	0.053405357844700074	0.1183138575637922	0.08932618362383134	1.3244499699992391	0.028987673939960865	0.14456923603079702	0.09175514473373195	1.5767001250142765	0.052814091297065074	0.19602897024136962	0.09674045327789904	2.0299546340832806	0.09928851696347057	0.22234998498181635	0.08733693490550166	2.54741775333392	0.1350130500763147	0.13414330800279764	0.08874432763359696	1.504613264898846	0.045398980369200675	0.10491205227765568	0.1045749512914721	1.0056076877905644	0.0003371009861835861	0.08767351885504304	0.07299242500248379	1.2012477545867633	0.014681093852559252	0.16156854182248165	0.09804125373454672	1.648021236729178	0.06352728808793492	0.11701963624845163	0.16760322291441188	0.6991861354651684	-0.050583586665960245	0.09191547535045287	0.11506891569181471	0.7992441063878039	-0.02315344034136184	0.062278565139032946	0.14250719057919498	0.4363217549921065	-0.08022862544016203	0.046274723114636526	0.09812768812257205	0.4730682628071238	-0.05185296500793553	0.07243578823863381	0.11077190772593418	0.6539143042900644	-0.03833611948730037	0.08130730522199293	0.09992634820823315	0.8146303497066391	-0.018619042986240217	0.10250346668987083	0.10709006985218072	0.9580933943025985	-0.004586603162309896	0.1210647861471374	0.08743477884190139	1.3817368239919596	0.03363000730523601	0.07631826818046225	0.08222055116104847	0.9239166215684298	-0.005902282980586218	0.07562263737754496	0.08685964235837526	0.8676792051083173	-0.0112370049808303	0.02910768480714824	0.07178379303205257	0.40495504377199354	-0.04267610822490433	0.16159655149655738	0.10064376806599334	1.6055833261680226	0.06095278343056404	0.030888374996774503	0.15808327128371785	0.19556735947824516	-0.12719489628694336	0.12967943846393315	0.094709998046939	1.3670074724276398	0.03496944041699415
15	0.13669582363374447	0.07988621675841984	1.7120944986299762	0.05680960687532463	0.17926080050078155	0.08837879779776608	2.02763046956438	0.09088200270301547	0.061738527479174465	0.05981893166896947	1.0340499341696958	0.0019195958102049965	0.06868686883258289	0.08197690452113798	0.8442090581873904	-0.013290035688555094	0.06627182640634935	0.06475225681717889	1.025018792563716	0.0015195695891704608	0.13976678713095758	0.1049169896593303	1.3317747281630141	0.03484979747162728	0.06651291440480672	0.11003380864297257	0.6044259452344996	-0.04352089423816585	0.04331610396725966	0.13713981206286743	0.3137037145552446	-0.09382370809560778	0.045348267365501564	0.06577297347277059	0.690443671324268	-0.02042470610726902	0.10396312259432558	0.11536077016330992	0.9319055099577132	-0.011397647568984343	0.07222867182149675	0.10396580078170414	0.6938649620823517	-0.03173712896020739	0.039404631448579766	0.10153411850198282	0.38824915188973336	-0.06212948705340306	0.17464738656752676	0.07046456622010489	2.4795264840133724	0.10418282034742188	0.2171305289969223	0.09547907362025924	2.2836055695919693	0.12165145537666307	0.27810521715475456	0.088107727023891	3.1619784663142694	0.18999749013086356	0.2878929221169414	0.10860941286724621	2.6512923019126817	0.1792835092496952	0.033758819427335655	0.07964717222702906	0.4239590491595031	-0.04588835279969341	0.09318535274624737	0.08955601239711755	1.04111958553634	0.003629340349129817	0.0930966797230473	0.06499013487559416	1.431987172296036	0.028106544847453147	0.07534431672573984	0.09879775489760165	0.764121730334637	-0.02345343817186181	0.06250217882018319	0.06525526615291649	0.9555205375113662	-0.0027530873327333005	0.03616340994901413	0.09804286761549402	0.3588183805694746	-0.06187945766647989	0.040347118382835466	0.06049501964062563	0.6717829481517155	-0.020147901257790167	0.10224398712269228	0.09947722982129054	1.0230103438171676	0.0027667573014017455	0.22321375545898708	0.07785184498258169	2.8825364431596165	0.1453619104764054	0.27359900006492466	0.10637088703288074	2.5883006689535852	0.16722811303204393	0.2216526426874615	0.0677396959534678	3.2764612511518973	0.1539129467339937	0.19874034030952287	0.08830216752469885	2.274200630452934	0.11043817278482401	0.06038641349558219	0.09767328290540056	0.6182543111034304	-0.03728686940981837	0.06447250851633039	0.1120023991328506	0.5749628883106214	-0.0475298906165202	0.07588129088473969	0.06768351723071224	1.1225495940021997	0.008197773654027449	0.12178471980440048	0.10469471077924919	1.1613239160412236	0.017090009025151287	0.05297898420729441	0.053492873880359795	0.9909702610878927	-0.0005138896730653847	0.09394103528351164	0.09280681557581738	1.0123000961355781	0.0011342197076942562	0.040672691664038405	0.03897152350181014	1.0446708236774571	0.0017011681622282615	0.11067517605556798	0.09934375551907369	1.1087640982972689	0.011331420536494288
16	0.11119110657119227	0.15801299458108112	0.7038630179374334	-0.046821888009888846	0.08379245998611193	0.08732806250663648	0.9652719571523464	-0.003535602520524553	0.15392598568352223	0.11070875853759016	1.3901395793774491	0.04321722714593207	0.2207711916306411	0.09193243777966412	2.4001884531588322	0.12883875385097698	0.1303822105417082	0.07333032685736218	1.7832326919013874	0.05705188368434602	0.2493715846963806	0.09693590603338459	2.5736830964103765	0.152435678662996	0.1454670800811882	0.17165370915253442	0.8477970628668268	-0.026186629071346224	0.02334078548538246	0.10035674016426714	0.228325734885937	-0.07701595467888468	0.02380617425710709	0.03233569862265272	0.7420120756112373	-0.008529524365545629	0.06922866011289851	0.10837792170977331	0.6361408485315971	-0.039149261596874804	0.07693757741673066	0.055860785948720085	1.3849110207723614	0.021076791468010572	0.15747996417306712	0.09444677220642222	1.696721250484782	0.06303319196664489	0.3453675977955275	0.10240316468904472	3.372356971532194	0.2429644331064828	0.2850175104070483	0.09336809091944778	3.0535795663357903	0.19164941948760053	0.21357715309509306	0.08784770445165936	2.4523148051132426	0.12572944864343372	0.20574251223094617	0.08861436941986861	2.3404671197588254	0.11712814281107756	0.09083970277468865	0.060585197832600704	1.4978426187358886	0.03025450494208795	0.11855618579054245	0.09555929053946183	1.2587063003669885	0.022996895251080618	0.012203383477042142	0.05332193092263639	0.2294635392653182	-0.04111854744559425	0.03921447580526772	0.09066178438082063	0.4354243967933805	-0.051447308575552915	0.11782995094640067	0.06996217420332865	1.6837146974378885	0.04786777674307202	0.10294210721521188	0.09853124597425497	1.0464228584465336	0.004410861240956909	0.06040353389697724	0.053945910774924985	1.1222815108565922	0.006457623122052253	0.14519541618815193	0.10976530197507943	1.322047273284538	0.0354301142130725	0.2690393187081605	0.10087269991709163	2.6640192159997333	0.16816661879106887	0.25618734547291594	0.09740061094842281	2.6506068808993115	0.15878673452449313	0.320019399556095	0.08723264495110161	3.669974737156408	0.23278675460499337	0.354870725552785	0.09889294830168685	3.613404824175694	0.25597777725109816	0.043745183068467114	0.060556482966033366	0.7341727608544979	-0.016811299897566252	0.03651422559279918	0.08727146423554023	0.4191557709053483	-0.05075723864274105	0.10278882401247523	0.051120494688198154	2.011947789857331	0.051668329324277076	0.15201653331350634	0.08275573019683566	1.8403014967549036	0.06926080311667068	0.025640084981699788	0.04867207300661806	0.518438107419958	-0.023031988024918276	0.06700346276649467	0.11654305331470219	0.5667292902508112	-0.049539590548207516	0.05111210788971021	0.04119417724875163	1.2530295234177593	0.009917930640958583	0.11841118255804087	0.08047105777648988	1.4715111906719152	0.03794012478155098
17	0.35805994589940526	0.14097874321368403	2.540980038768799	0.21708120268572123	0.25256442867591994	0.09014797434201335	2.8063575545000874	0.16241645433390658	0.1035725461143748	0.18097925874613938	0.5725169893772988	-0.07740671263176457	0.04066623867979586	0.11929805454697517	0.3356343763235905	-0.07863181586717932	0.11422346091283722	0.09319620943739156	1.2256438275836081	0.021027251475445666	0.11866089692104526	0.09760129788672102	1.211028499281988	0.021059599034324236	0.19188696061668487	0.13164185780930782	1.4576346652892966	0.06024510280737705	0.16651224776912446	0.11251566637420977	1.4801956347341259	0.053996581394914686	0.028580637072419247	0.058011509706124224	0.4926678233109729	-0.029430872633704978	0.03630708471313352	0.08004682445853198	0.47248418927289937	-0.04373973974539846	0.04088999042022663	0.051986326058650736	0.785632205482781	-0.011096335638424104	0.03175047963656253	0.0983077589159598	0.32199037540601955	-0.06655727927939728	0.20051522884760112	0.11451926283805336	1.756175251780283	0.08599596600954776	0.13809629892810393	0.08644109311924167	1.5976512397643554	0.051655205808862265	0.16346878285235883	0.14442454524199366	1.1300536437441306	0.019044237610365167	0.17149334659702592	0.09918380982924237	1.7367745277071025	0.07230953676778355	0.040073917824935884	0.09044124099400686	0.4441047879364597	-0.05036732316907097	0.05105377993226197	0.10219912945726957	0.5017643974838579	-0.0511453495250076	0.11314421754025175	0.12207068258302775	0.9263491291812747	-0.008926465042776	0.09630784171595519	0.10697857436056057	0.9002214330968928	-0.010670732644605385	0.02847195071609518	0.04606122313121935	0.6169262248971733	-0.017589272415124174	0.10096746625358405	0.09431197623140468	1.0716221017044552	0.0066554900221793695	0.03795032960480138	0.04766166886026881	0.7968167483409789	-0.009711339255467431	0.0509627496750399	0.0821943153101337	0.6166967933913592	-0.0312315656350938	0.2654384857373831	0.11681762228037218	2.2745637325142116	0.14862086345701092	0.2210022394441737	0.09174367623511792	2.413787379010275	0.12925856320905577	0.3252768426900188	0.17975902814652495	1.8102480855303085	0.14551781454349383	0.16801421813427078	0.1093413452951092	1.5403909221747423	0.05867287283916159	0.042952358769454496	0.07283121354950337	0.5941300652625195	-0.02987885478004887	0.06622770622650262	0.09974485330249708	0.6684803195970064	-0.03351714707599446	0.07451004595080543	0.1257852224282084	0.5926300139888786	-0.051275176477402956	0.09772781343536688	0.09680943500882642	1.0132988343268954	0.0009183784265404532	0.046111066466840794	0.06534016301942397	0.7057319326416651	-0.019229096552583175	0.11079411799062863	0.138740577482748	0.7965323945141298	-0.02794645949211938	0.029782985139892186	0.049460588704015734	0.5984541091726673	-0.01967760356412355	0.10979677566398006	0.09984637446466374	1.0917800535514015	0.009950401199316325
18	0.2899021483276683	0.1507966778964595	1.9258045323844395	0.1391054704312088	0.18961499551920183	0.10404073766196056	1.826100948884923	0.08557425785724126	0.29202192407191396	0.15363385023728127	1.8997101284281526	0.1383880738346327	0.2569960306912123	0.10521442201968928	2.4666328533751116	0.15178160867152302	0.13305661820066367	0.08692703534930762	1.5344761760356433	0.046129582851356044	0.1071738648605501	0.08813385605224011	1.2170719416869606	0.019040008808309986	0.08504653549142474	0.09782551802124978	0.8696582710326032	-0.01277898252982504	0.054788456411218364	0.10194409186929818	0.536455874212288	-0.04715563545807981	0.061176655851874005	0.05770873021294058	1.0657964348342357	0.0034679256389334237	0.17980597974497423	0.10606596600894541	1.6954525591475285	0.07374001373602881	0.021845821434215484	0.05113618516672597	0.4277052983782822	-0.029290363732510483	0.04501829131966765	0.10377320825412766	0.4302052665788464	-0.05875491693446001	0.11569498104763448	0.13156178523079176	0.8793500233002383	-0.01586680418315728	0.0710211713068554	0.10000014185494302	0.7114672303322942	-0.028978970548087624	0.380845996485959	0.24708855488991144	1.5436062499442702	0.13375744159604758	0.165012427126123	0.10904461638815421	1.513660537309034	0.055967810737968776	0.17283331073094738	0.10903990409215578	1.586141567908254	0.0637934066387916	0.17890691508582493	0.11434181883963132	1.5645537425648706	0.06456509624619361	0.14296169644277595	0.10819720768504631	1.3215392936243808	0.03476448875772964	0.11642074283448753	0.10171459660471872	1.145080402887481	0.014706146229768804	0.03942157837301917	0.05832352205571839	0.6773632278400543	-0.01890194368269922	0.07094331247709705	0.10173975200143243	0.7005460812110242	-0.030796439524335376	0.007893898956427062	0.11941819697067024	0.06578608597058429	-0.11152429801424318	0.03797396414385454	0.10645254963932285	0.35645473885168294	-0.06847858549546831	0.1978022582068219	0.18805535794988026	1.0491156139178104	0.009746900256941637	0.06428914102808096	0.1043687702986639	0.6159919826532883	-0.04007962927058294	0.27751918422328603	0.09440641246408644	2.94607014631225	0.1831127717591996	0.25493565982348	0.07652616967694015	3.3318665572827633	0.17840949014653984	0.07198239456374587	0.13370213696960237	0.5367434271876891	-0.061719742405856495	0.03713684199053399	0.10294848566098103	0.35031731325315435	-0.06581164367044703	0.1715509646598336	0.09859264609566983	1.7390912079402419	0.07295831856416378	0.1610189482697931	0.09215284605824309	1.7449071279139456	0.06886610221155001	0.030856652138576218	0.07932712213280486	0.3899067778359539	-0.048470469994228646	0.05690396636125111	0.09735166479999559	0.5764673563781277	-0.040447698438744475	0.04842449433170383	0.05004901596239289	0.9620603292508998	-0.0016245216306890603	0.09991997211372453	0.08205721493035628	1.2325842296178515	0.017862757183368244
19	0.25806749293452547	0.1150405086021993	2.243305950331728	0.14302698433232616	0.2077095770880814	0.10402146927985287	2.0001185513736575	0.10368810780822854	0.32714715787644844	0.0793922912375927	4.125778582784434	0.24775486663885574	0.3369840806190299	0.08316683205860506	4.058120244243868	0.25381724856042487	0.0790275263212393	0.09065766335714251	0.8741561667697106	-0.01163013703590321	0.07924505519763164	0.08456385330646715	0.9367613165220348	-0.00531879810883551	0.15984586160530684	0.061978124360962575	2.5793008922590492	0.09786773724434426	0.17698929325522172	0.08440948673149795	2.097108767115979	0.09257980652372377	0.051394974145169525	0.05299625074349591	0.9700414456912595	-0.0016012765983263871	0.11587830501861812	0.10042106750866975	1.1597144889147393	0.015457237509948374	0.021685311556864758	0.040755612582109614	0.5320189669459748	-0.019070301025244856	0.0537328072054946	0.118279249910928	0.45551662953412486	-0.0645464427054334	0.3311404788445559	0.12400911219917321	2.670094832617856	0.20713136664538268	0.18111571594543585	0.10355085844571635	1.7513339067755331	0.0775648574997195	0.46048884388996797	0.1728962252512477	2.6637188829819065	0.28759261863872027	0.2543377842281891	0.09497675973987503	2.6784467169367154	0.15936102448831407	0.051366326302824436	0.09674786926180606	0.5302084028368033	-0.04538154295898163	0.06041005796360773	0.09989370103776755	0.6047041000339618	-0.03948364307415982	0.10906579835202401	0.06109984308741173	1.7886905562426922	0.04796595526461228	0.21026236082683825	0.08488795030178323	2.4890907522082033	0.12537441052505502	0.02663783440078165	0.06201069736409923	0.42990066018906503	-0.03537286296331758	0.05753927477841268	0.09225851534512206	0.6245366876199467	-0.03471924056670937	0.10533106923180094	0.07290292265826999	1.444836970526969	0.03242814657353095	0.11515664394953601	0.10171926470690124	1.1309162935176607	0.013437379242634773	0.41172089722526894	0.15739629177523007	2.6168291586351113	0.2543246054500389	0.13007405436839511	0.09958778815299404	1.3061188604851566	0.03048626621540107	0.7977642778840235	0.351467077682763	2.2697142974098417	0.4462972002012605	0.24926709022950766	0.12636935469957283	1.9730446199043248	0.12289773552993483	0.17284566673824364	0.09821658707623815	1.7602853299927652	0.07462907966200549	0.1275115675556522	0.0910442704798679	1.3993671921059687	0.036467297075784305	0.25375696296318256	0.1670686564344098	1.5205678579846529	0.08668830652877277	0.17538544328839445	0.10744799279369616	1.6317625529694388	0.06793745049469829	0.07703702126175768	0.11043834921217197	0.6980224438576101	-0.033401327950414283	0.06114732997127778	0.09383792463806685	0.6516439253772606	-0.03269059466678907	0.0987671015296062	0.06585571811816152	1.5022975823345894	0.032911383411444686	0.12370671332815114	0.09705346357070727	1.2742675966109336	0.026653249757443875
20	0.6250561808122609	0.16147219796394285	3.8715164503935395	0.46358398284831803	0.41094651397927795	0.10965780520536103	3.747627319951076	0.3012887087739169	0.6380356416546338	0.16274939978722258	3.9219668144547635	0.4752862418674112	0.26742717045854947	0.09434481383114496	2.844735371645055	0.1730823566274045	0.06261144668391803	0.10282709801699469	0.6084533164216783	-0.040215651333076655	0.08536616521771995	0.11311497017005157	0.7560064479971197	-0.027748804952331618	0.127284291249126	0.05450338453519406	2.335451073557341	0.07278090671393193	0.18312586512409118	0.0721057105855524	2.546339434533916	0.11102015453853878	0.062123534605621575	0.06380414078284452	0.97358161575998	-0.0016806061772229458	0.0840238279945385	0.08583846883263936	0.969798084141251	-0.0018146408381008589	0.06524251503330546	0.04962689574346165	1.3141047240574637	0.015615619289843806	0.1043087472730371	0.08964196251985979	1.1614758264339646	0.014666784753177314	0.417253407275633	0.0898007062355092	4.644579547573612	0.3274527010401238	0.32799946783785927	0.08606046674143678	3.8149052038759454	0.2419390010964225	0.44719868621027187	0.11135427696617611	4.025628096478563	0.33584440924409575	0.37007873831335336	0.10266137563627886	3.605175439948902	0.2674173626770745	0.12607006999863424	0.15731408586595524	0.8014105246294043	-0.031244015867321007	0.0917554832216677	0.12281456539476801	0.7471005162322542	-0.031059082173100314	0.16460018898643713	0.1294694684770265	1.2713379311314985	0.03513072050941063	0.18308599747576074	0.11150808427598646	1.6363734928616165	0.07157791319977427	0.04570485100117726	0.06328972126669513	0.723438846460829	-0.017584870265517874	0.040574405417430265	0.12018326461397419	0.34588218941159515	-0.07960885919654392	0.11810126941388666	0.06832292061303653	1.7285582117758922	0.04977834880085012	0.2021997393250425	0.11691515351304754	1.7295640454273902	0.08528458581199497	0.5077414069383615	0.15042430242224458	3.375435564964385	0.35731710451611687	0.24309784337127852	0.08669942673391268	2.8014529977524614	0.15639841663736584	0.44042615973036847	0.09847951771305219	4.480938112953694	0.3419466420173163	0.31486443538648057	0.09149681577227817	3.450941558189097	0.2233676196142024	0.16674511336235898	0.10307577953717263	1.6186365864761676	0.06366933382518634	0.14125359905126744	0.10413361774712268	1.3563651647567354	0.03711998130414476	0.18415363402993434	0.09482622413155076	1.9418376382014317	0.08932740989838359	0.19917481303572704	0.11015687402259366	1.8079394229555121	0.08901793901313337	0.0644531102925937	0.0659716753820066	0.9770531307013003	-0.0015185650894129071	0.026539616958486167	0.08855756857636918	0.2996501035589092	-0.06201795161788301	0.029022073832823007	0.07485872953221234	0.3881268704698365	-0.045836655699389335	0.03675345193970998	0.10559310362528988	0.34861090483215307	-0.0688396516855799
21	0.33298288380244295	0.09927968131087583	3.354173315611824	0.23370320249156712	0.22898657005094497	0.09259506750758811	2.47220038095132	0.13639150254335686	0.05866636277706032	0.14121186687283227	0.4158479632519899	-0.08254550409577195	0.045273689035959304	0.09301580549484029	0.48650710234680755	-0.04774211645888098	0.15616875288944132	0.06882935935176648	2.2705762443401607	0.08733939353767484	0.08621625908652772	0.09621511009231362	0.8979856349270335	-0.009998851005785903	0.20437704557766123	0.13109870225688444	1.5592616516256061	0.07327834332077679	0.15197645835699358	0.08320019457794131	1.8224994041395304	0.06877626377905227	0.059093520358484794	0.06103924725939552	0.9697357289427831	-0.0019457269009107228	0.03222458582207586	0.0885063631070949	0.3644920777700247	-0.056281777285019034	0.046138832448749736	0.10326653800675134	0.44684962101290415	-0.057127705558001604	0.019768472905868854	0.10854900623600346	0.18120962893981768	-0.08878053333013461	0.16189167023203657	0.12705334913712968	1.272354613248004	0.03483832109490689	0.15944670250893037	0.09842238312051178	1.6198678622249085	0.06102431938841858	0.24168017726940821	0.2407550681135912	1.0037686281591427	0.0009251091558170055	0.13220682154566232	0.13835345475007382	0.9516074464416953	-0.0061466332044115	0.1850922371792505	0.15030388260580457	1.2313768923577506	0.03478835457344592	0.20803070558782935	0.1318093505826798	1.5782531120200987	0.07622135500514954	0.11791153133536736	0.12314868682567617	0.9562870805075876	-0.005237155490308815	0.06670576483514948	0.10242172557675921	0.6508883977356885	-0.03571596074160974	0.03128510785795587	0.06793585790096905	0.45935709160507116	-0.03665075004301318	0.0073105362808636295	0.10114338041111884	0.07267619629355015	-0.09383284413025521	0.09758690612521284	0.08995123907739165	1.0921727373105539	0.00763566704782119	0.06716124941111067	0.07315213523440406	0.936184989572619	-0.005990885823293393	0.050751647956554166	0.1252880388497003	0.4050131321002228	-0.07453639089314613	0.02220998448565159	0.1089361083208927	0.2035221488018888	-0.08672612383524111	0.1717866595198897	0.18889700078796878	0.9097626865548647	-0.017110341268079088	0.16762718253902223	0.10499725308506316	1.5975344568490506	0.06262992945395907	0.07758738009080152	0.09808064774061984	0.7892030984258527	-0.02049326764981832	0.05698280689139365	0.09391930897926914	0.6059463366892387	-0.036936502087875495	0.03936168558870415	0.1050864225903115	0.37715250939808975	-0.06572473700160736	0.04287705179249336	0.1005818633336237	0.42650165714035604	-0.057704811541130344	0.034467146268419596	0.06829655045194849	0.5050220438370538	-0.033829404183528894	0.13112359936656892	0.10672395350237514	1.2290531107001579	0.024399645864193784	0.11150375571458174	0.07704820151284225	1.4475072544484717	0.034455554201739486	0.15052791543543625	0.09699900171940898	1.549891011705434	0.05352891371602728
22	0.2140407957260858	0.11152924765438707	1.9375191903046978	0.10251154807169874	0.20724548408409532	0.08798491005612886	2.3749658521136054	0.11926057402796646	0.2963599942260698	0.10397272227532955	2.8464198025406504	0.19238727195074024	0.2198327873429052	0.10074737653313076	2.1744108859222244	0.11908541080977444	0.13911432712519153	0.1183766817289107	1.1753281117860848	0.02073764539628084	0.21307143311868154	0.09718825577742848	2.1937184285086864	0.11588317734125306	0.10315078627773219	0.09214594870748868	1.115586128723226	0.011004837570243509	0.04798638942155517	0.08126167170675427	0.5890467492728503	-0.033275282285199104	0.00784456647726103	0.051128683053541756	0.14893007510159148	-0.04328411657628073	0.05870666762190202	0.08444243907254698	0.6984513493009264	-0.025735771450644956	0.0553584905266997	0.05713196573279267	0.9689944017715904	-0.0017734752060929657	0.0657318687736391	0.07443669258396424	0.8836606057637926	-0.00870482381032514	0.17143429606292115	0.18175921469366196	0.9432119830421292	-0.01032491863074081	0.14881192301069726	0.13414200352628544	1.1055157995461975	0.01466991948441182	0.20225312861955455	0.13384981961018608	1.5170525722834087	0.06840330900936847	0.15519192084005046	0.09664452660907275	1.6215333434015928	0.05854739423097771	0.3054081177532127	0.12091941062685835	2.5261055548303064	0.18448870712635435	0.22232932177989576	0.11963396369919609	1.8573646610164913	0.10269535808069967	0.15897513209995648	0.11117285153826832	1.4301669736130085	0.04780228056168816	0.12895904165720534	0.08851858604346935	1.4603504944160703	0.04044045561373599	0.0445173627332559	0.07555119395311732	0.590283589258939	-0.031033831219861426	0.017842705636860745	0.11686773932859049	0.15175780439456996	-0.09902503369172974	0.065616356753527	0.07239797592709195	0.9079748785147539	-0.006781619173564943	0.1487651877052148	0.07806033434867476	1.9180772171926623	0.07070485335654003	0.15907112727976458	0.16452503901470777	0.9671036106729498	-0.005453911734943195	0.07404408012261685	0.11684398947189342	0.6323875233574776	-0.04279990934927658	0.12855036721025387	0.15263237809310787	0.844183869408702	-0.024082010882854	0.04800955432987353	0.08526560997760671	0.562845725158168	-0.03725605564773318	0.17350478512665896	0.13471594092409964	1.2881634685365813	0.03878884420255932	0.150637407359143	0.10486372887500904	1.4357600283894585	0.04577367848413395	0.0894358550723361	0.09590066372838099	0.9323455498149913	-0.0064648086560448875	0.09401064433813355	0.10885069610384458	0.8635346704372302	-0.01484005176571103	0.11102981839883316	0.08930692585021435	1.2443153171549237	0.02172289254861881	0.13595820953467308	0.12803842045915853	1.0618354731106074	0.00791978907551455	0.09766684120765148	0.07697970969721671	1.2689786138932009	0.020687131510434775	0.05979389750057588	0.0907212895172658	0.658922889746538	-0.03092739201668992
23	0.2721894769314225	0.06495155433211702	4.203579365609855	0.20723792259930546	0.37585378725772034	0.09323900062422164	4.030807276767529	0.2826147866334987	0.3017863857030425	0.07214370551194395	4.191804903061711	0.22964268019109857	0.34825770309760845	0.0993561300283185	3.5120775964989317	0.24890157306928995	0.11238329164681932	0.07653582304254578	1.4664174535719539	0.03584746860427354	0.20284533159374496	0.1153399996445691	1.75915692806089	0.08750533194917585	0.17225526092435123	0.05457285810314215	3.1702033639739557	0.11768240282120908	0.267670796193053	0.09624673606631033	2.7810048524992683	0.17142406012674266	0.05234985130322806	0.024313826479886197	2.1604677827217924	0.02803602482334186	0.17244479169051274	0.09312109918810876	1.8512929784195298	0.07932369250240398	0.00814810253626581	0.02494237798040697	0.3317772138313678	-0.01679427544414116	0.17447487721303626	0.08422713358410255	2.069752973709995	0.0902477436289337	0.2786562998771833	0.07278364364220587	3.829083408862873	0.20587265623497747	0.3817577218385534	0.09259413128621242	4.1344953202760175	0.289163590552341	0.2874832499268231	0.06979004491957769	4.1336766014257655	0.21769320500724543	0.3578602898648492	0.10348542837280111	3.462774695037253	0.2543748614920481	0.1459690514316755	0.06605600800831773	2.2056436770562327	0.07991304342335775	0.23939879943410997	0.10372460943847431	2.310100811209586	0.13567418999563566	0.15681791251352167	0.06226083657569656	2.523660298001248	0.09455707593782511	0.25704740282860905	0.10392079230226776	2.4701594630778736	0.1531266105263413	0.01169297055262248	0.021562961823105315	0.5420981793033522	-0.009869991270482836	0.0798252696766085	0.09203380488331567	0.8679232430571149	-0.012208535206707172	0.009968363699665129	0.024776282581864047	0.4051182976133056	-0.014807918882198918	0.08755321945986173	0.11379780506166895	0.7772322607102001	-0.026244585601807216	0.2380292963984995	0.07251876591203951	3.2853529755750186	0.16551053048646	0.26839705195428465	0.0841510737774939	3.18956095248532	0.18424597817679075	0.3476360512372266	0.05892002703265174	5.913373788584954	0.2887160242045748	0.44544423566630964	0.11238107783572106	3.9703858138712707	0.3330631578305886	0.1152074153061031	0.05510522993165233	2.1041358538009547	0.060102185374450764	0.1789517749111161	0.10104667088060584	1.796130879763005	0.07790510403051026	0.12802733306388747	0.05717686136544812	2.2470267698605264	0.07085047169843936	0.17174876917473997	0.1000741008621098	1.7282850876773292	0.07167466831263017	0.01964669151201649	0.03658442720753738	0.5365693070606844	-0.01693773569552089	0.07173833494771185	0.11991604610592757	0.5960951000522554	-0.048177711158215716	0.007901114993346822	0.02682392672365775	0.28762067516391127	-0.018922811730310928	0.03376998791300227	0.09989347721045877	0.32322008340751585	-0.0661234892974565
24	0.21565911853742714	0.09257712207193002	2.3302468825673603	0.12308199646549713	0.20608353966267523	0.09876259473834872	2.0871426902597494	0.1073209449243265	0.30482809579265	0.10341944459665971	2.946488337642394	0.20140865119599033	0.258244706111447	0.07434840564214398	3.4786469688173547	0.18389630046930303	0.14417868159706848	0.12034742406469195	1.198304130898121	0.023831257532376526	0.13570754084343833	0.11488323921210455	1.1811508619766093	0.02082430163133378	0.10574304819242969	0.14597633156456935	0.7247458581447169	-0.04023328337213966	0.06937261084658003	0.12461707030507946	0.5607739585669418	-0.05524445945849943	0.048099912541782114	0.057074699834769885	0.8427616503190327	-0.008974787292987771	0.08344948278043192	0.10270490479416758	0.8124095926235031	-0.01925542201373566	0.058578874261683254	0.07122853843250926	0.8228356815623246	-0.012649664170826004	0.07443562691562156	0.11195862356472201	0.6700927540719511	-0.03752299664910046	0.08499138831196269	0.12836749258220226	0.6653859796089573	-0.043376104270239565	0.11201208069787408	0.11510365763274955	0.971593433274347	-0.0030915769348754674	0.38975561032244865	0.1362097715457686	2.861604035174239	0.25354583877668	0.30619462937486974	0.09425493570154286	3.247813910490275	0.21193969367332688	0.07322517104242644	0.09042764911100432	0.8094730267195134	-0.017202478068577873	0.15648082236123506	0.11745710226339345	1.332417055675705	0.03902372009784161	0.16185635633080775	0.11009812825619551	1.4697503913933103	0.051758228074612236	0.11460050002145274	0.10970296519149186	1.0446143014402343	0.004897534829960873	0.1260457707684998	0.10137437490903584	1.24318709168702	0.024671395859463957	0.1252347160100622	0.10747800475530211	1.1647428516408818	0.017756711254760082	0.18236205373896394	0.09746096904095955	1.8719342087275708	0.08490108469800439	0.1820247284085158	0.08294689995242102	2.2008151133503455	0.09907782845609478	0.20795710830174338	0.07405407731326422	2.8042076366789863	0.13390303098847917	0.23561164297621615	0.0870668484705234	2.7083675762240897	0.14854479450569275	0.39524696397599024	0.1229924362100169	3.217584199670319	0.27225452776597336	0.35491073228572445	0.11920321445328239	2.980388663259877	0.23570751783244207	0.10066980911131584	0.11077309998848675	0.9087407935140925	-0.010103290877170906	0.07961615836566659	0.10787548801162436	0.7379733358838994	-0.028259329645957773	0.062485071199528425	0.09238922618736103	0.6757008151880539	-0.02990415498783261	0.06215107344045616	0.10351150162961673	0.6003003408896844	-0.04136042818916057	0.0644992126493797	0.0661761113559849	0.9745817813022548	-0.001676898706605201	0.037130124766842146	0.08472152327527954	0.4417628823785875	-0.047591398508437396	0.08123189490790603	0.1196520001136462	0.6796015048974706	-0.03842010520574017	0.11905245026494435	0.12293586063880484	0.9680360429639879	-0.003883410373860488
25	0.18030740318091937	0.1715211930720143	1.0543453757975252	0.008786210108905068	0.09899848421455293	0.09183370553245065	1.0828659852663232	0.007164778682102274	0.2982016346673947	0.19766459848736084	1.5094933562246964	0.10053703618003385	0.13808627428263548	0.10439531530003315	1.3232967125971054	0.033690958982602326	0.0709035582336402	0.11419591586112346	0.6198304012858469	-0.04329235762748326	0.10078390366361764	0.09768977934217632	1.0316521724366876	0.0030941243214413217	0.16551362767986777	0.16315054027656228	1.0146020288133208	0.002363087403305486	0.10192882275575886	0.10049840210107414	1.0146423661804902	0.0014304206546847248	0.07462497494279208	0.1072976238418946	0.6949302308370543	-0.03267264889910253	0.10934271998850612	0.10928868321436938	0.9985660768051396	5.4036774136734245e-05	0.08150987180412822	0.13521714353696046	0.6022454084468336	-0.05370727173283224	0.13280923344117673	0.08994210483232289	1.4764347018241417	0.04286712860885385	0.5438327527448136	0.18994057080887056	2.8629812038405573	0.353892181935943	0.2597741719416784	0.10111885466737139	2.573027364459877	0.158655317274307	0.3304023645213489	0.18086916081392906	1.8283160548853155	0.14953320370741985	0.16477633120328133	0.09296683401947059	1.7763538722049812	0.07180949718381074	0.23512453689080992	0.15691524906573776	1.4983623996329554	0.07820928782507217	0.16854338208823902	0.10762918681990719	1.5671167776449582	0.06091419526833183	0.13383004977821875	0.11454663488823917	1.1681157497838484	0.019283414889979575	0.07159771128213784	0.08795544087308377	0.8137077491309987	-0.016357729590945932	0.12690810679711587	0.09282369224164945	1.3675006346392773	0.034084414555466416	0.11882727288740942	0.09195694425818028	1.29204496960487	0.02687032862922914	0.12386063623987995	0.08330362879573872	1.4866821670566488	0.04055700744414123	0.1317456678012632	0.09653486516924552	1.3682939173508835	0.03521080263201769	0.3320368101102334	0.19326892080705693	1.7250876487186784	0.13876788930317646	0.17865674556475	0.08619936450106419	2.0800028436434754	0.09245738106368581	0.18684678792168202	0.15163804799258704	1.2309664740029485	0.035208739929094984	0.0643157378450888	0.08007921452176231	0.8012085857740447	-0.015763476676673507	0.11483437216449452	0.17347422326424183	0.6621319206475429	-0.058639851099747314	0.06756634769919048	0.09619394871348144	0.7024687594884582	-0.02862760101429096	0.1798916070857295	0.10701165950345268	1.680871944505213	0.07287994758227681	0.17238490178917024	0.08994828117003725	1.9173678682152404	0.08243662061913298	0.03587077007991797	0.07269898990184577	0.4929024579687476	-0.0368282198219278	0.05460087073227457	0.09751348091259016	0.5617371733395222	-0.042912610180315586	0.09562183093990781	0.10579385416575157	0.9049015836652858	-0.010172023225843763	0.11844080728183369	0.10631396824610485	1.1136842783678127	0.012126839035728837
26	0.3453829923110342	0.06081418504545028	5.678145553465207	0.2845688072655839	0.4522602638413131	0.08687171740226254	5.264894774413193	0.3653885464390506	0.30018373144608795	0.05420162059756369	5.542451028314175	0.24598211084852425	0.4342938550230113	0.09023358182026092	4.869891948910834	0.3440602732027504	0.1240739531286307	0.04754855656887106	2.6258946940774197	0.07652539655975965	0.33169833645106406	0.09010402759470544	3.6788056210683058	0.24159430885635863	0.16138778136705667	0.042467870426467755	3.809628042192919	0.11891991094058892	0.30700719224646045	0.08204869480994577	3.7600107098936935	0.2249584974365147	0.010570977324685042	0.019772268587792498	0.5277840630300702	-0.009201291263107456	0.07530736024135501	0.09766278417654717	0.7743410381059783	-0.02235542393519216	0.01740437152603776	0.0321481934061991	0.5333507266806277	-0.01474382188016134	0.0582777250536035	0.0860171303197593	0.6771369381005587	-0.0277394052661558	0.22087527454900674	0.07467813625394915	2.9792276404938365	0.1461971382950576	0.2769540371327014	0.09125917164136262	3.0404246277194935	0.1856948654913388	0.38254230086925134	0.05118910510892159	7.478139966243562	0.33135319576032973	0.4748772185475447	0.0916938946451806	5.191180899664582	0.3831833239023641	0.1585574098160098	0.0526755370163182	3.011587847905585	0.1058818727996916	0.2254789052103746	0.08187233429092054	2.7699965683774472	0.14360657091945406	0.12098851280145911	0.05038646474633596	2.4055668948930142	0.07060204805512316	0.2148521483215001	0.10817070487619532	1.984391418538483	0.10668144344530478	0.04790980799587361	0.02887138311671872	1.658104097536631	0.019038424879154893	0.09564857954216831	0.11374924230057057	0.8398042158764281	-0.01810066275840226	0.031379882795358624	0.02688243549422191	1.177768910403043	0.004497447301136714	0.13098191354242245	0.09466126492414853	1.3854958312823018	0.036320648618273915	0.30596806131136844	0.0645613243366103	4.737791640325359	0.24140673697475815	0.43878104855550887	0.08394478013269349	5.230303152355507	0.35483626842281535	0.41811870123678363	0.08036695054968543	5.203825273982054	0.3377517506870982	0.5121947227290597	0.10814662427568825	4.738888104382255	0.40404809845337153	0.1236082373845097	0.06573325242966119	1.8815849016086643	0.05787498495484851	0.09203463568413278	0.11808441516404583	0.7790154175735775	-0.02604977947991305	0.17845009640426074	0.05412282778582288	3.297984407629044	0.12432726861843786	0.3285921036204344	0.100523918176291	3.269190428030152	0.2280681854441434	0.06072096692752045	0.03661918476235836	1.6585728600172092	0.024101782165162088	0.10897680498888998	0.10287704200922901	1.0596879101567187	0.006099762979660972	0.06031927201116623	0.03411519308704691	1.7676036728281406	0.026204078924119314	0.19070475637196105	0.09580332362776517	1.9915014419347905	0.09490143274419588
27	0.15460393122274524	0.11104087134919621	1.3943313939477997	0.043563059873549026	0.18951036970466584	0.0959265060141136	1.9855749598749093	0.09358386369055224	0.30851937932931706	0.1055648353894915	2.9235832284489645	0.20295454393982554	0.28990290065408175	0.07852173454536909	3.6900677106552737	0.21138116610871266	0.1462267963521645	0.09764534378181022	1.4963531250391728	0.04858145257035429	0.10101775687794327	0.10063554249053194	1.0047277718323078	0.00038221438741133096	0.017428871275999704	0.0895251457241768	0.1964680803843318	-0.0720962744481771	0.018311130809457846	0.095688711928861	0.19164494501477058	-0.07737758111940315	0.0614879957576222	0.03837300937405218	1.6058461358196943	0.02311498638357002	0.138868176539877	0.0915300807858785	1.5152724501397496	0.047338095753998485	0.12209916837925336	0.063134650663159	1.940787676262067	0.05896451771609436	0.15231789194705336	0.1125586087753073	1.3535591268432432	0.03975928317174607	0.2206972224876313	0.1361716527717201	1.6206822647730903	0.08452556971591119	0.1246819286819105	0.10274654602387054	1.2206133135446735	0.02193538265803996	0.39987060488784937	0.13124089518397164	3.0466376378484608	0.26862970970387773	0.27709578211049196	0.1209686477235894	2.2904792235238034	0.15612713438690257	0.13717750365062747	0.08807045644716602	1.56243951087487	0.04910704720346146	0.16600698712515433	0.10357598427303988	1.6062084094081985	0.06243100285211445	0.09113659698009678	0.10109518965242852	0.9016274242813658	-0.009958592672331734	0.17207122909893097	0.09141772226742073	1.8820350871995877	0.08065350683151024	0.05186164378453874	0.060191453012712975	0.8614333011009246	-0.008329809228174237	0.10834923966490229	0.10273044122461489	1.0573737575407118	0.005618798440287398	0.0345250264582449	0.057075689046148056	0.6049203605903473	-0.022550662587903156	0.10167391413376395	0.09805771161906107	1.0486324751258413	0.0036162025147028765	0.20612154668291643	0.14743845482271	1.3980403321855608	0.05868309186020643	0.10752849265685939	0.09827164761220639	1.092045131181453	0.009256845044653003	0.09526125123701923	0.13639623472291057	0.7123851186605662	-0.04113498348589134	0.037380602961818915	0.08012885106776638	0.4744603282416832	-0.04274824810594746	0.09071385853566516	0.12567359630762281	0.7212963781273645	-0.034959737771957655	0.023047559719516837	0.11683608253238346	0.19802997308088172	-0.09378852281286662	0.17336543976325652	0.10429222791969597	1.662028098112106	0.06907321184356055	0.09914403985687295	0.11472839097117284	0.8643529371033458	-0.015584351114299885	0.07719834507562001	0.05195662316910727	1.4849014345385827	0.02524172190651274	0.06979144672048371	0.08797588505307796	0.7920187592953905	-0.018184438332594255	0.03601455826324342	0.04871045457137229	0.7379312449145035	-0.012695896308128868	0.052992510719000616	0.11217917036258684	0.4733964885725184	-0.05918665964358623
28	0.3279916441447837	0.16579747957471636	1.985740112120912	0.16219416457006736	0.2893728474816876	0.10342569419663916	2.815046571038272	0.18594715328504846	0.21742994210315175	0.07311201799566214	2.9826925516790688	0.14431792410748961	0.355545997864653	0.07853244383411695	4.526036726741072	0.27701355403053607	0.07659908552099351	0.11744379462713217	0.6521708836349527	-0.04084470910613866	0.07876543563867364	0.10795161002254924	0.723123937091732	-0.029186174383875607	0.14306659510670214	0.08209086406150917	1.7427744423560576	0.060975731045192966	0.18853839345110562	0.11744292458071906	1.6077466078440015	0.07109546887038656	0.059026550299376014	0.07093772170744685	0.8321063114061135	-0.011911171408070832	0.042629000533025825	0.10821613677235023	0.3902614894254708	-0.06558713623932441	0.09470496711093264	0.05849201524694321	1.6190846607879097	0.03621295186398943	0.11165631503911491	0.09932352613870357	1.1207682279989437	0.01233278890041134	0.24475476231103818	0.09770184653152156	2.5047432570891153	0.14705291577951662	0.34797837549708344	0.10290738571678519	3.3874626421832157	0.24507098978029823	0.2726897456401579	0.06814455061352065	4.016121270299108	0.20454519502663726	0.27770752900425877	0.09083379762063096	3.0736968604842243	0.1868737313836278	0.09164023672608813	0.09924492175109834	0.9233774021798911	-0.007604685025010202	0.025839913044049735	0.08820952985473857	0.28899438230813146	-0.06236961681068883	0.09918953729407678	0.07837893755337033	1.2641996116318257	0.020810599740706454	0.09806852902054161	0.08874991392472624	1.1028066086311412	0.009318615095815372	0.05286527734232058	0.03632207008299919	1.4671509180043136	0.016543207259321388	0.0289133492023603	0.08240936129874564	0.351879347644921	-0.05349601209638534	0.09635674409712572	0.05800885119979651	1.6636727831734723	0.038347892897329205	0.03339063747986093	0.11687887805859541	0.28469741455898234	-0.08348824057873448	0.1806471601629729	0.11053333662692919	1.6384960438844742	0.0701138235360437	0.10703297672047934	0.08617083476481317	1.2398891002642527	0.020862141955666172	0.27729340204602837	0.12451666894478151	2.2282093396899842	0.15277673310124684	0.33256235896249653	0.09800281929554053	3.3997894928796324	0.234559539666956	0.1224511895102634	0.11736141639968126	1.0471739318755382	0.005089773110582146	0.10305058643747794	0.08865630939906119	1.173543225932868	0.014394277038416753	0.1850401378687362	0.10361883326333998	1.786770149333599	0.0814213046053962	0.1708672844207434	0.08763101779229579	1.9496613206897329	0.0832362666284476	0.11070866587117548	0.10274140933370052	1.0774390066992052	0.00796725653747496	0.04398928020345952	0.0977504302750789	0.4516176321037993	-0.053761150071619385	0.06516440283733385	0.05417209107799263	1.2036355601225774	0.01099231175934122	0.08847417546207378	0.10282679558847352	0.8639223523347345	-0.014352620126399734
29	0.2774507120021639	0.061940759177920905	4.498743886757129	0.215509952824243	0.3343374765839976	0.0909632874639872	3.6719248605153343	0.2433741891200104	0.26460064882132395	0.07765453896666905	3.4118292530954917	0.1869461098546549	0.2928659293208358	0.10053086585267071	2.9155161439156423	0.19233506346816512	0.07445560293201103	0.0532759195793257	1.3995348479924372	0.02117968335268533	0.09986851206167932	0.11327353191606024	0.879657130654288	-0.013405019854380917	0.06685799160293339	0.06950932495155177	0.9620098721354529	-0.002651333348618376	0.12380984083916385	0.10434622166311158	1.1863974207970513	0.01946361917605227	0.02075219013825332	0.02946859446840248	0.712063533159903	-0.008716404330149162	0.06484425400285039	0.11224433235138134	0.5685505406110538	-0.04740007834853095	0.03046442793118341	0.037810625448436025	0.7992937165677872	-0.0073461975172526145	0.047683898945079906	0.10700524673173542	0.4434391247409999	-0.059321347786655515	0.10820643484960721	0.07025163034059809	1.5496288078723262	0.03795480450900912	0.10100737908204135	0.09632266974463016	1.0514393267597737	0.0046847093374111914	0.18592024631835308	0.07344368354734994	2.544029831849824	0.11247656277100314	0.19972032881411067	0.1053857281036604	1.8946487729743702	0.09433460071045027	0.12419484593320705	0.06971037308041374	1.7791385590420563	0.054484472852793314	0.18667872433777705	0.08929576184149057	2.077174022891243	0.09738296249628647	0.037370153179181215	0.04715116142786122	0.7931818905307328	-0.009781008248680008	0.03966207540835903	0.10365358998375511	0.3834363530766093	-0.06399151457539608	0.03642398925456833	0.06435145674847104	0.566935357316247	-0.027927467493902708	0.03241505080646006	0.11054625244743427	0.2920241652614941	-0.0781312016409742	0.02258876123715392	0.047377277825843556	0.4769334708352815	-0.024788516588689635	0.05801830195907404	0.10806753013878129	0.5360741507593614	-0.05004922817970725	0.21268574518032018	0.0600314558378816	3.5633528397020315	0.15265428934243858	0.2667413436108107	0.08953345920442128	3.002979410317703	0.1772078844063894	0.3553108151894893	0.08177241044893008	4.350560554273606	0.27353840474055924	0.3550973821114375	0.10319655145537243	3.4337723313122033	0.25190083065606506	0.00688837069738301	0.05268409631250369	0.13157921967511432	-0.04579572561512068	0.0734139566897691	0.1047165548062936	0.6996557952008537	-0.0313025981165245	0.08529028917073214	0.06456454514775639	1.3181622752036146	0.02072574402297575	0.16220236607774313	0.11590782852232276	1.3999393295694773	0.04629453755542037	0.035895945985482194	0.029400981813548777	1.2219440075141144	0.006494964171933418	0.08039526885133687	0.08272109909814954	0.9780813640087125	-0.0023258302468126685	0.0072573616315526265	0.03165351944168569	0.23056099143387648	-0.024396157810133066	0.06329897152370242	0.0946114897291884	0.6459495944245346	-0.03131251820548597
30	0.15764309651107652	0.15655391846056824	1.0072513390854185	0.0010891780505082882	0.06770259724002015	0.09268170461038847	0.7300514050654126	-0.02497910737036832	0.2308016365038853	0.2605781119003896	0.8855492680197097	-0.0297764753965043	0.13280651667760407	0.0966785470845972	1.3734333866474728	0.036127969593006876	0.10773287016292024	0.08076833879637403	1.3330988290636605	0.02696453136654621	0.12408712242466141	0.07400870215018959	1.6820840050831491	0.05007842027447182	0.0990583596977834	0.11990392696911925	0.8265893984813437	-0.020845567271335852	0.09551791398943009	0.08665054765340856	1.1034796909568443	0.008867366336021532	0.14146668486623798	0.07597423544948884	1.86191811221109	0.06549244941674914	0.1914491385744161	0.11895317688837337	1.615665887788335	0.07249596168604272	0.037466972717982036	0.04815047657642104	0.7769611231439479	-0.010683503858439004	0.06548804208145587	0.09374822475208974	0.6985490025800586	-0.028260182670633877	0.02482740254162529	0.13883022113707355	0.1782878914768648	-0.11400281859544825	0.10686751989234475	0.10302226413271356	1.0374225172543745	0.003845255759631183	0.2321717462684843	0.19752711622735658	1.1752260583537115	0.03464463004112772	0.09743592964211804	0.09599325854055665	1.0136026747841331	0.0014426711015613908	0.1627474096793796	0.11389665326809642	1.432417089974961	0.04885075641128317	0.1007694495892903	0.1019772448825727	0.9932114567123447	-0.0012077952932824099	0.1339099235490105	0.17168180890272552	0.7799851609729123	-0.037771885353715035	0.026371727322827773	0.11300838965485382	0.23280621325379985	-0.08663666233202605	0.0806935949457882	0.08451853354369233	0.9562572976895203	-0.003824938597904129	0.2527220148508399	0.09744214137418034	2.599191495265176	0.15527987347665956	0.04380781735796227	0.04667938273566219	0.9392699420601277	-0.0028715653776999195	0.09602769323387336	0.1002813796573637	0.9773801993806026	-0.004253686423490333	0.16734832211851453	0.07324862877335227	2.292120304770103	0.09409969334516226	0.18530997892365592	0.10011803539220934	1.8523284248158283	0.08519194353144657	0.18470176467930655	0.11159472061797306	1.6552003897755876	0.07310704406133349	0.14335831117332698	0.09697011216521964	1.4760115118607255	0.04638819900810734	0.04111565773369348	0.07799067024441371	0.5284934956056587	-0.03687501251072023	0.04534593858504249	0.11191881162063219	0.40593922578177766	-0.0665728730355897	0.09278247806799801	0.09755026325830074	0.9540536554655465	-0.0047677851903027285	0.12748947618949596	0.09989074075045215	1.2766137210908375	0.027598735439043814	0.04159360372559096	0.07907081490147425	0.5252317142904575	-0.037477211175883283	0.09802040089876657	0.11444482782903842	0.8547298744732196	-0.01642442693027185	0.07324473757978123	0.09155392103366924	0.7988173514200849	-0.018309183453888017	0.0980935459987849	0.10178963034749783	0.960849556306588	-0.003696084348712922
31	0.42390509663646236	0.11757460185573515	3.605707594335235	0.3063304947807272	0.2517739225072046	0.09698407933842522	2.5913639488518996	0.15478984316877936	0.6762253371092259	0.22503794086567053	3.0075962253359503	0.4511873962435554	0.3369273854397058	0.09647375984088838	3.4917478706261167	0.24045362559881742	0.021618398742663112	0.10406164999860715	0.20452144518747323	-0.08244325125594404	0.08054612737971646	0.12139799921787905	0.6618267837737486	-0.04085187183816259	0.19286365937607866	0.07731054765518577	2.4986051173128967	0.11555311172089289	0.13185958799344308	0.0905843418451423	1.4655046486573693	0.041275246148300776	0.030706514501813414	0.04919458387684021	0.6247601062823441	-0.018488069375026797	0.06077167033561384	0.11015884501788109	0.550843118056434	-0.04938717468226725	0.22636537551661992	0.1449363493801115	1.5618788489427047	0.08142902613650843	0.12635067348838627	0.09929151393703504	1.2724632063115848	0.027059159551351228	0.4325532098425311	0.14570526892605012	2.9703099646925155	0.28684794091648097	0.40069613416112615	0.11241962798004956	3.5678552336381992	0.2882765061810766	0.30841804982371357	0.11740798083639302	2.644786429968131	0.19101006898732054	0.20323489260169816	0.09354959897401413	2.1771652647497572	0.10968529362768403	0.1527797063880681	0.09850000553612935	1.551287361040531	0.05427970085193874	0.13319917490387842	0.09875235016536502	1.3536039063311196	0.034446824738513404	0.07311932905076346	0.09380561045517213	0.7797830782404536	-0.020686281404408674	0.07739224362850222	0.09356288092666401	0.8297519026249781	-0.01617063729816179	0.02130569509339182	0.05399153126522747	0.39432858067401055	-0.032685836171835646	0.027118667395016477	0.0933820866503597	0.2899719518455288	-0.06626341925534322	0.1355731098794869	0.08082712415511611	1.675330045178011	0.05474598572437078	0.18088062403687255	0.09869072934422701	1.83399163167478	0.08218989469264554	0.3702538886077186	0.12996803016947883	2.852022184022061	0.24028585843823974	0.3153686655306598	0.11577730126903543	2.723162108348755	0.19959136426162435	0.42619008536576125	0.12274963018233331	3.489403455227025	0.30344045518342794	0.3453708430712513	0.09299184833892574	3.7190132752631797	0.2523789947323256	0.10587254692705333	0.11270420886001686	0.9434586344069957	-0.006831661932963529	0.09986037152222063	0.10507246999165144	0.951054938340506	-0.005212098469430812	0.03223344207211739	0.10739766118012642	0.3008520360025567	-0.07516421910800902	0.0345023562800712	0.1062325766020718	0.3250162650923112	-0.0717302203220006	0.07122038884558718	0.06598949955385174	1.0801636435536552	0.005230889291735444	0.1109295970528793	0.09981085907444961	1.1153773304098706	0.011118737978429688	0.02358940530853064	0.05815835469275858	0.40605455682853936	-0.03456894938422794	0.10843704729737962	0.10693005076587586	1.01362076065858	0.0015069965315037542
32	0.37925425951528025	0.08018247281865837	4.734990808031367	0.2990717866966219	0.47198904178890677	0.0893730957108175	5.283678388726312	0.38261594607808924	0.3415437675830706	0.08479281903584239	4.027204851810611	0.2567509485472282	0.3857840701613505	0.10867604262659124	3.551178392803407	0.27710802753475927	0.04735602719856935	0.042085731885135265	1.124414435237281	0.0052702953134340855	0.09821062297069041	0.08602338806725282	1.1252274181817115	0.012187234903437594	0.03621618201508294	0.049623055811327074	0.7297318936563701	-0.013406873796244133	0.05216260719667729	0.11098488189635147	0.4708970632264782	-0.05882227469967418	0.056015710875466494	0.04020344972671092	1.3929582366606885	0.01581226114875557	0.16408898435919714	0.12640809804659314	1.2994529581199612	0.037680886312603995	0.015491036494636528	0.026261691027868087	0.5964750923574782	-0.010770654533231559	0.07252685874487995	0.086070242082632	0.840456036294284	-0.013543383337752055	0.2739198224895436	0.09149806231443817	2.995107610825401	0.18242176017510542	0.29637713798411786	0.10207020707048456	2.905341720047932	0.1943069309136333	0.4797792916708947	0.09112424550266329	5.283481620218531	0.38865504616823143	0.4795947164130749	0.12025406155445884	3.991882135092249	0.35934065485861605	0.1134715292265717	0.06434179785698571	1.7655779146863697	0.04912973136958598	0.19201311534598184	0.11034049281522436	1.7366380506105794	0.08167262253075748	0.02452483039893305	0.07672472366399966	0.3165580734781095	-0.052199893265066605	0.031173505661786186	0.1329846477819676	0.23284164081469857	-0.10181114212018143	0.05740142523899798	0.03528957638204946	1.6282561269430158	0.022111848856948522	0.11966606774939939	0.11245456692190817	1.0644225833309067	0.007211500827491224	0.0457497274948128	0.030972523100347635	1.486260604697191	0.014777204394465164	0.147425179834629	0.08705144211278647	1.7019223146509757	0.06037373772184253	0.38544873566828125	0.09413720099539635	4.093228632748108	0.2913115346728849	0.39394262792367135	0.11170825094166903	3.528459309030808	0.2822343769820023	0.3374020177896806	0.05655475841266604	5.958226882356464	0.28084725937701455	0.3807962115821295	0.07796561815135238	4.94130249568204	0.3028305934307771	0.11252364029252879	0.041087954613180794	2.7366308359662206	0.071435685679348	0.14733605447796755	0.07917845877898014	1.8600441460255077	0.06815759569898741	0.028362984098435243	0.05632977916618186	0.5032779956041129	-0.02796679506774662	0.08312071187219354	0.09023188250175265	0.9206986973520371	-0.007111170629559113	0.030442204874374414	0.0354663587773076	0.8617446673493363	-0.005024153902933183	0.07855100733599318	0.10289268028191867	0.7611870352463997	-0.024341672945925485	0.03069427747243825	0.038306824204457704	0.7980013339742227	-0.007612546732019453	0.05307902139861309	0.10683627160256398	0.4970139959160197	-0.05375725020395089
33	0.23929681865011065	0.11488704331494312	2.0895187420786083	0.12440977533516753	0.21680703003594975	0.110785105440188	1.959713172696694	0.10602192459576175	0.2089786039651873	0.13189253942265794	1.5853297741442733	0.07708606454252936	0.16526769267727684	0.11582494645021624	1.4256246208839511	0.0494427462270606	0.12579121683425137	0.09278550092233363	1.354317340987524	0.03300571591191774	0.19220407534408557	0.10296618034474637	1.8668154382766704	0.08923789499933919	0.024162040666620067	0.0920718684944114	0.26386351054501084	-0.06790982782779134	0.08328664970792382	0.09411403307347826	0.889241910866925	-0.010827383365554444	0.05801862137699432	0.06981995737299176	0.8307778535920051	-0.011801335995997447	0.11388515379345107	0.10230598523737883	1.1110490835421438	0.011579168556072245	0.0807949585999233	0.07869943358436662	1.0268949998876762	0.002095525015556682	0.06476342309506938	0.11893189931568808	0.5418901706810649	-0.0541684762206187	0.2709310738226397	0.14436670008327843	1.8757334750997634	0.12656437373936127	0.27898785587572067	0.12279019807466604	2.2709084447208667	0.15619765780105463	0.10208895521725717	0.10843369639817879	0.9409835356731558	-0.006344741180921626	0.09898505738977188	0.11174195387931095	0.8832813146259315	-0.012756896489539066	0.10615604134899911	0.11707576150025577	0.9066549812401252	-0.010919720151256654	0.08571122147608513	0.127066572619227	0.6795603368923857	-0.04135535114314186	0.13154636923415164	0.11072259286013142	1.188443923912534	0.02082377637402022	0.16882783502792106	0.09588645587311492	1.7607144841593179	0.07294137915480614	0.06842575376226004	0.07785627760862976	0.8793094418945587	-0.00943052384636972	0.09573879577552824	0.10034933350352715	0.9533836073453446	-0.004610537727998909	0.062330753369053735	0.08183310354860357	0.7617365075571219	-0.019502350179549835	0.09868791851936855	0.10897081167482245	0.9080167909246635	-0.010282893155453901	0.08802303774084247	0.12032899325526479	0.7333826598291409	-0.03230595551442232	0.031555068754123866	0.11318697256439733	0.27909162803583076	-0.08163190381027347	0.09562782308371873	0.18065320260971462	0.5299068877986297	-0.0850253795259959	0.08382124347250014	0.08672920765121733	0.9664895640455831	-0.002907964178717193	0.18725886546897924	0.07461012474515652	2.50996559718301	0.11264874072382272	0.17323181600663623	0.07805406111283834	2.220441919427694	0.09517775489379789	0.1127905878501475	0.13175371842095362	0.8568301494362869	-0.01896313057080612	0.09498436654612197	0.10431482436998557	0.9094165412585559	-0.009330457823863603	0.07220103636532393	0.06930162418268421	1.0444864493598685	0.0028994121826397268	0.07707844183143643	0.0930752783316993	0.8286137467179491	-0.015996836500262873	0.07666793044552551	0.0876373207709839	0.8743202777318673	-0.010969390325458392	0.0918255202480888	0.09338037974086767	0.9840455706920636	-0.001554859492778879
34	0.37617173899799033	0.10777932671963754	3.5150889465621686	0.2683924122783528	0.2699180787505483	0.09551507062054451	2.8367383912711626	0.17440300813000378	0.3807587201643462	0.0918388928035003	4.156906793173041	0.28891982736084587	0.30174502178840634	0.08929341182148101	3.378583275912407	0.21245160996692533	0.04282446173929296	0.06272012525364978	0.6827398512664684	-0.019895663514356822	0.051530274441596996	0.0900021562639019	0.5713983318304076	-0.038471881822304904	0.2226592552872012	0.08210514293900911	2.711714412089215	0.1405541123481921	0.25003560283717524	0.09611662993786227	2.605087424865032	0.15391897289931297	0.04991416722196155	0.02763336889109201	1.8045876999696011	0.022280798330869538	0.221456281324662	0.07856152554915191	2.819439572440605	0.14289475577551009	0.033479187839378026	0.057975704995178186	0.5771550977877553	-0.02449651715580016	0.07905732712541769	0.1082113283935156	0.7423184487299567	-0.029154001268097918	0.3282510682111167	0.10290612167518909	3.2061369756212383	0.22534494653592763	0.29659080893763523	0.11017783770792579	2.7344520856261143	0.18641297122970946	0.35497792775015313	0.2120423723774758	1.6736322173903726	0.14293555537267733	0.22411693320763082	0.09196890023696125	2.4445623919174104	0.13214803297066957	0.04390686617240775	0.0739762272414223	0.5925689593930985	-0.030069361069014554	0.1059760582528064	0.09680534112206968	1.093240980148751	0.009170717130736722	0.09847024987505865	0.08211874795454704	1.207391888316716	0.016351501920511602	0.16370508771817383	0.09393650749473981	1.7424084961240554	0.06976858022343402	0.06551090659367403	0.05066581812035623	1.2952052991776934	0.014845088473317801	0.17795643620276125	0.09379888906940326	1.896397253708914	0.08415754713335799	0.026462270605626212	0.044149356493376674	0.5997791477251097	-0.01768708588775046	0.031745577197261406	0.09157062336579799	0.33482898007381134	-0.05982504616853659	0.46195144464146404	0.11436256351287291	4.043675414036301	0.3475888811285911	0.3168859536602293	0.09869248924984739	3.2510035351472744	0.21819346441038193	0.48786976947443594	0.15972705633106848	3.060203917045548	0.32814271314336746	0.27800816351567087	0.12446278720251602	2.2341109337045317	0.15354537631315485	0.10251062776600314	0.1066203705530705	0.9620881959955927	-0.004109742787067355	0.10439264771378115	0.1061615704215346	0.9836494148737982	-0.0017689227077534453	0.13903144273621415	0.12185074562129046	1.1411654623079204	0.01718069711492369	0.10962310872075909	0.11055083923228506	0.9909380088549637	-0.000927730511525976	0.0690597398227436	0.03318737297180002	2.0872832156483376	0.03587236685094358	0.1332939674622391	0.08760060884047835	1.521036924554427	0.045693358621760743	0.047472813915217085	0.044267494325954934	1.071840815306267	0.003205319589262151	0.086695944862964	0.08574853049832695	1.015511126613566	0.0009474143646370503
35	0.31349828722463097	0.21485985339500205	1.4599364585123307	0.09863843382962892	0.27878571533469365	0.10970763378121919	2.5405818073725666	0.16907808155347448	0.4955734113186431	0.1339469232478364	3.699875274149737	0.36162648807080666	0.2584473489407624	0.11073100639227916	2.346270676131378	0.1477163425484832	0.17756157890654395	0.0803975024284185	2.2113083019712976	0.09716407647812544	0.09984241229500453	0.09311077111655547	1.0725972129266415	0.006731641178449058	0.0876136247799828	0.09938798967963859	0.8818030387840279	-0.01177436489965579	0.06922816479153673	0.08226790434220317	0.8351700802791073	-0.013039739550666438	0.042832878809935186	0.06385652215987256	0.6707986300357336	-0.021023643349937372	0.05095414022710539	0.10754658083183924	0.4866752222461762	-0.05659244060473385	0.08488187287820508	0.09486348586344291	0.8949120539222668	-0.009981612985237837	0.055362129547948155	0.09604904941887789	0.575883222249072	-0.04068691987092973	0.3575674734854083	0.1008114641382416	3.552560167683462	0.2567560093471667	0.2569050966777607	0.10356523027607242	2.498528866049102	0.15333986640168826	0.3603524710906424	0.14578956708750695	2.4708615734884014	0.21456290400313544	0.19976379438899455	0.11337231020294741	1.7614721100600592	0.08639148418604714	0.1497643784471796	0.13491454785022539	1.1109400432076642	0.014849830596954217	0.12657329541350695	0.11975820132244874	1.0578325851934305	0.00681509409105821	0.1557688008450765	0.13282927405616307	1.173337273769517	0.022939526788913422	0.04391383221494355	0.09018096803586173	0.48788984092173504	-0.04626713582091818	0.083443335192039	0.04144795592995967	2.0138338240172993	0.04199537926207933	0.14563299186030326	0.08790206145023903	1.6531707354077336	0.05773093041006423	0.030090841257710103	0.05513753596745656	0.544337480016654	-0.025046694709746457	0.04714387280753959	0.11056138168480573	0.4267168180492622	-0.06341750887726613	0.40139855487615017	0.13384861607549192	2.998919803343658	0.26754993880065825	0.3201271368723107	0.12157230741763489	2.6339604934974483	0.1985548294546758	0.24642184441650133	0.10211849293983699	2.4122559075358696	0.14430335147666434	0.153465969169968	0.10444305289488945	1.46858916482926	0.04902291627507854	0.12549679812527367	0.10937301300121599	1.1469494772254873	0.016123785124057682	0.10631846323825261	0.09980190760948206	1.065456995140304	0.006516555628770557	0.07515975212454687	0.13632293068225132	0.5511985973100956	-0.06116317855770445	0.05657868129500133	0.10041170352088111	0.5690648324809611	-0.04383302222587978	0.03161342923061901	0.07927888406216548	0.3981080644893402	-0.04766545483154647	0.11000867463108405	0.08752644725454449	1.2609595422154527	0.022482227376539557	0.05193176230472289	0.08798883248384487	0.5885765789259405	-0.03605707017912198	0.06666025549060015	0.1093844057362919	0.6133682968243694	-0.04272415024569176
36	0.0820849391330492	0.07268868780709967	1.1464482038768165	0.00939625132594954	0.12958479980145815	0.09209825829623272	1.4296288313960934	0.03748654150522543	0.20690669750739948	0.0951724928790448	2.1774756880949004	0.11173420462835468	0.23560576748184442	0.11109940034460762	2.121916070349292	0.1245063671372368	0.04599841272494099	0.05296443111737969	0.868996213729869	-0.006966018392438697	0.12961411115631627	0.0931833223600509	1.3917108097386786	0.036430788796265365	0.0935718547977033	0.06058665137298529	1.543093318382422	0.032985203424718015	0.16020099535996038	0.09009140710905278	1.7821611890260813	0.0701095882509076	0.06240993177127212	0.051789244145696384	1.2052499748906778	0.010620687625575734	0.16800416197241538	0.10835357270899268	1.5557060967085063	0.059650589263422704	0.012306513944880085	0.027583601465851516	0.4464678295245996	-0.015277087520971431	0.04033192384773916	0.09422872225706048	0.4375333404487052	-0.05389679840932132	0.10054534932921018	0.09132859343244998	1.1010485967740524	0.009216755896760201	0.14277266421459306	0.10668012146704708	1.3506159829569628	0.036092542747545975	0.10236643486012673	0.09083559603150057	1.1275265829745982	0.011530838828626155	0.09540883454102872	0.10069049706958572	0.9482894287068799	-0.005281662528556996	0.023094496674913933	0.05462348314462229	0.40775577395106266	-0.03152898646970835	0.04558972981635548	0.10440572798190839	0.43197060425811123	-0.05881599816555291	0.1039921630270928	0.05618619628483137	1.8459710309303214	0.04780596674226143	0.18693282970279063	0.09154174799409488	2.045480270855376	0.09539108170869574	0.027964817845599843	0.046296115211788585	0.6021376944622745	-0.018331297366188742	0.06387391849245294	0.11187795709742862	0.5692950933751582	-0.04800403860497568	0.03117138242881214	0.03950334919743752	0.7871917059517551	-0.008331966768625378	0.12039701082214244	0.0972545005053445	1.2628705103314317	0.02314251031679794	0.22170675020859265	0.11058219227185834	2.0053861105661603	0.11112455793673431	0.18960825338808499	0.09100654488352444	2.0758390008890863	0.09860170850456054	0.15435226359212795	0.08132437253085531	1.9052561728410942	0.07302789106127264	0.14679407898932237	0.08962963078723182	1.6362338607611118	0.057164448202090545	0.018120287228451853	0.06300909576320683	0.2880942360522516	-0.04488880853475498	0.03271450086268585	0.08719969594608805	0.38325092452616577	-0.0544851950834022	0.1655326559598515	0.07776110860243948	2.1288289882565254	0.08777154735741202	0.20394871130595107	0.09991769983589592	2.039532373239033	0.10403101147005515	0.04240267468189304	0.04296438125972443	0.9893022392858692	-0.000561706577831389	0.0955112017964438	0.08264273338067349	1.1562521292686019	0.012868468415770315	0.13815202335178298	0.0625210541111505	2.2099695431539352	0.07563096924063248	0.2520349863874017	0.10486663463226283	2.4046452291363067	0.14716835175513887
37	0.15581352467814227	0.07108787452356047	2.221610477362078	0.0847256501545818	0.240164292016727	0.099147579750205	2.4343905417920038	0.14101671226652202	0.2190002462549231	0.1402542491171303	1.559239645948261	0.07874599713779279	0.2465722772643628	0.11557549879261717	2.132828294239377	0.13099677847174562	0.1331665231005702	0.04611244803325042	2.888148422386022	0.08705407506731978	0.26685261252816983	0.10023255719391996	2.6611482112925504	0.16662005533424987	0.04503776820711553	0.10782906462328151	0.4178885487176043	-0.06279129641616599	0.10950857249650381	0.11468424376454872	0.9573684970432805	-0.005175671268044912	0.04194358026207508	0.03090893281657213	1.3555224036616822	0.011034647445502949	0.18566186140059626	0.10274762405001342	1.815052150127785	0.08291423735058284	0.06182322140359008	0.05124833118660904	1.2051958385589758	0.01057489021698104	0.04732827613833618	0.09615105638924504	0.49296476628119695	-0.04882278025090886	0.1430783639044283	0.08212514186865971	1.7445403498834298	0.060953222035768584	0.09436776210174827	0.09441635550853802	1.0076096918985495	-4.859340678975421e-05	0.1658314030176758	0.12744313483499808	1.3012707132863377	0.03838826818267771	0.09174155162778715	0.09765307042717948	0.939515452595522	-0.005911518799392335	0.06101542574226996	0.09199527545455245	0.661038325234778	-0.030979849712282494	0.031490073998434995	0.09441359716676773	0.3329982166767748	-0.06292352316833273	0.17042418567774673	0.061634792410256455	2.763357832370846	0.10878939326749026	0.2244214281341349	0.09222059354829283	2.435044301894372	0.1322008345858421	0.020304564675967942	0.07045144661944737	0.2879030982759282	-0.050146881943479424	0.06806754633919412	0.14763012467906897	0.45938459234519347	-0.07956257833987485	0.14208033390256736	0.07298481680467725	1.9466073452337356	0.06909551709789011	0.1380380895396356	0.09914931983719383	1.3922689911531831	0.03888876970244176	0.29541054578572223	0.1189750702928905	2.4822656879315836	0.17643547549283173	0.17355219764936253	0.08085760268521189	2.1612787329895875	0.09269459496415064	0.3816265710609198	0.11324171160774571	3.378965496494777	0.2683848594531741	0.28539802994724595	0.08334468562579483	3.4367253749204734	0.2020533443214511	0.03313696726205213	0.08413149506679413	0.39443651491551723	-0.05099452780474199	0.01182830268041921	0.08644747211619641	0.1356965649768324	-0.0746191694357772	0.12486366861849604	0.07518622979222121	1.6617680050421533	0.04967743882627483	0.13611871620949256	0.11389520556278268	1.1939769695871134	0.022223510646709882	0.09716531673426113	0.052478428751924	1.8501085834288005	0.04468688798233712	0.10368330884849306	0.10338999185735755	1.0078281863235499	0.0002933169911355088	0.08957963086163874	0.04951357338954944	1.8099231022102473	0.0400660574720893	0.19936080388030425	0.0941373110573396	2.1179213952669986	0.10522349282296464
